"Name","Gross Import","Share","Code","Sector"
"Horses","10075833","0.021308739082075152","0101","Agriculture"
"Bovine","50771484","0.10737338593898421","0102","Agriculture"
"Fowl","24818938","0.05248799519962271","0105","Agriculture"
"Other live animals","5999532","0.01268802906941396","0106","Agriculture"
"Beef","80393","0.0001700180482373286","0201","Agriculture"
"Beef (frozen)","9256713","0.019576434233740586","0202","Agriculture"
"Pork","389910","0.0008245958875550956","0203","Agriculture"
"Lamb","122636","0.0002593550851894199","0204","Agriculture"
"Edible offal","128204","0.00027113049464777376","0206","Agriculture"
"Poultry","1705066","0.003605935758534063","0207","Agriculture"
"Other meat","2446089","0.005173078223163695","0208","Agriculture"
"Pig and poultry fat","72882","0.00015413351152006996","0209","Agriculture"
"Preserved meat","231819","0.0004902592753638909","0210","Agriculture"
"Live Fish","502064","0.0010617832568784117","0301","Agriculture"
"Fish, excluding fillets","7912614","0.016733884650844747","0302","Agriculture"
"Frozen fish, excluding fillets","34118080","0.07215415982989858","0303","Agriculture"
"Fish fillets","2186208","0.004623472406811958","0304","Agriculture"
"Preserved fish","6154540","0.013015845640771814","0305","Agriculture"
"Crustaceans","72341640","0.15299073848578187","0306","Agriculture"
"Molluscs","42523016","0.08992922500074256","0307","Agriculture"
"Milk","4985926","0.010544418135605724","0401","Agriculture"
"Milk, concentrated","24659768","0.05215137667888165","0402","Agriculture"
"Fermented milk products","961201","0.0020327829286600637","0403","Agriculture"
"Whey","53109372","0.11231763674138581","0404","Agriculture"
"Butter","61511132","0.13008598519160486","0405","Agriculture"
"Cheese","96796376","0.20470850601378973","0406","Agriculture"
"Eggs, in shell","163674","0.0003461437441965908","0407","Agriculture"
"Egg yolks","779634","0.0016487984155269919","0408","Agriculture"
"Honey","7770824","0.016434021987931674","0409","Agriculture"
"Edible animal products, n.e.c.","850943","0.0017996052892816179","0410","Agriculture"
"Brushmaking hair","284736","0.0006021700767840981","0502","Agriculture"
"Animal guts, except fish","77400400","0.16368918862075715","0504","Agriculture"
"Feathers and down","114033","0.00024116114704821683","0505","Agriculture"
"Coral and shells","6645","0.000014053088335266113","0508","Agriculture"
"Animal products n.e.c.","3028804","0.006405425156088389","0511","Agriculture"
"Flower bulbs","290848","0.0006150959572814867","0601","Agriculture"
"Other live plants","78567736","0.1661579133649161","0602","Agriculture"
"Cut flowers","688310","0.0014556630898490623","0603","Agriculture"
"Other parts of plants","137067","0.0002898742902708684","0604","Agriculture"
"Potatoes","23532868","0.04976816746217565","0701","Agriculture"
"Tomatoes","116070","0.00024546906893519","0702","Agriculture"
"Onions, shallots, garlic","16307173","0.034487004163651844","0703","Agriculture"
"Cabbages, cauliflowers, broccoli","48349","0.00010225022843066687","0704","Agriculture"
"Lettuce","280933","0.0005941273536932001","0705","Agriculture"
"Carrots & turnips","52213","0.00011042195654616246","0706","Agriculture"
"Cucumbers","2190","0.000004631491866701699","0707","Agriculture"
"Legumes","88821","0.0001878418899964893","0708","Agriculture"
"Other vegetables","2419452","0.0051167453241439086","0709","Agriculture"
"Frozen vegetables","1032646","0.0021838774201744485","0710","Agriculture"
"Vegetables, provisionally preserved","540104","0.0011422316361520796","0711","Agriculture"
"Vegetables, dried","2771738","0.005861772604396362","0712","Agriculture"
"Legumes, dried","91880376","0.19431196993310226","0713","Agriculture"
"Tubers","170266","0.0003600847461990098","0714","Agriculture"
"Cashew nuts & coconuts","18818244","0.039797508690231985","0801","Agriculture"
"Other nuts","129242768","0.27332731909681035","0802","Agriculture"
"Bananas and plantains","10596597","0.022410069780920375","0803","Agriculture"
"Avocados, pineapples, mangos, etc.","154311408","0.3263433931923687","0804","Agriculture"
"Citrus fruit","3324926","0.007031674760906398","0805","Agriculture"
"Grapes","27004372","0.0571098307230078","0806","Agriculture"
"Melons and papayas","334750","0.0007079415079353396","0807","Agriculture"
"Apples & pears","32587120","0.06891642978960377","0808","Agriculture"
"Peaches & cherries","320651","0.0006781244285615372","0809","Agriculture"
"Other fresh fruit","13672222","0.028914513695315086","0810","Agriculture"
"Fruits and nuts, frozen","749840","0.0015857889777751608","0811","Agriculture"
"Fruits and nuts, provisionally preserved","84744","0.00017921970171313643","0812","Agriculture"
"Fruits, dried","3186271","0.0067384421103230535","0813","Agriculture"
"Peel of citrus fruit or melons","21437","0.00004533574938195631","0814","Agriculture"
"Coffee","87579256","0.18521580450035888","0901","Agriculture"
"Tea","198867248","0.42057170852299075","0902","Agriculture"
"Mate","40064","0.0000847288082865465","0903","Agriculture"
"Pepper","17323562","0.03663650068735279","0904","Agriculture"
"Vanilla","3964398","0.008384053467291543","0905","Agriculture"
"Cinnamon","4054988","0.008575636503001364","0906","Agriculture"
"Cloves","2061276","0.004359261657090142","0907","Agriculture"
"Nutmeg","2333696","0.004935385407924332","0908","Agriculture"
"Anise, fennel, etc.","15964980","0.03376332192787913","0909","Agriculture"
"Spices","26819964","0.05671983795946683","0910","Agriculture"
"Wheat and meslin","1198306176","2.5342216018093215","1001","Agriculture"
"Rye","1133","0.000002396109719165765","1002","Agriculture"
"Barley","199996736","0.42296039093647797","1003","Agriculture"
"Oats","2924264","0.006184340151638619","1004","Agriculture"
"Corn","463777824","0.9808142556221972","1005","Agriculture"
"Rice","26663904","0.05638979658014379","1006","Agriculture"
"Grain sorghum","707476","0.001496196045610343","1007","Agriculture"
"Other cereals","5157448","0.010907159116409564","1008","Agriculture"
"Wheat or meslin flour","213123","0.0004507202927429526","1101","Agriculture"
"Cereal flours","179109","0.0003787862450927281","1102","Agriculture"
"Cereal meals","1204269","0.0025468319994616383","1103","Agriculture"
"Worked cereal grains","6960611","0.014720553988024831","1104","Agriculture"
"Potato flour","903158","0.0019100314755007184","1105","Agriculture"
"Flour of dried legumes","1888317","0.003993481656280618","1106","Agriculture"
"Malt","3462751","0.007323152097220627","1107","Agriculture"
"Starches","5642954","0.011933924911037359","1108","Agriculture"
"Wheat gluten","206007","0.0004356711164308753","1109","Agriculture"
"Soya beans","53528684","0.11320441305079697","1201","Agriculture"
"Peanuts","3305740","0.006991099508415742","1202","Agriculture"
"Copra","58985","0.0001247436291129679","1203","Agriculture"
"Linseed","1292220","0.00273283398173026","1204","Agriculture"
"Rape or colza seeds","944652","0.0019977844999376684","1205","Agriculture"
"Sunflower seeds","15231437","0.03221199844003622","1206","Agriculture"
"Other oil seeds","38858968","0.08218036266685917","1207","Agriculture"
"Flours of oil seeds","1756952","0.0037156661635549242","1208","Agriculture"
"Seeds used for sowing","111535936","0.23588026503605533","1209","Agriculture"
"Hop cones","54859","0.00011601781384264315","1210","Agriculture"
"Plants used in perfumery, pharmacy or insecticide","7962640","0.016839681460033614","1211","Agriculture"
"Seaweeds & edible vegetable products","5989818","0.012667485547955906","1212","Agriculture"
"Cereal straw and husks","5790656","0.01224629048715406","1213","Agriculture"
"Forage products","4182550","0.00884540927263616","1214","Agriculture"
"Lac","1698066","0.0035911319032523683","1301","Agriculture"
"Vegetable saps and extracts","18719146","0.03958793262584549","1302","Agriculture"
"Vegetable materials used for plaiting","298531","0.0006313442458713812","1401","Agriculture"
"Vegetable products n.e.c.","2342535","0.004954078447472175","1404","Agriculture"
"Pig and poultry fat, rendered","1670","0.0000035317769029186475","1501","Agriculture"
"Bovine, sheep and goat fats","9498020","0.02008675907752058","1502","Agriculture"
"Lard oil, tallow oil etc.","8027","0.000016975792335166457","1503","Agriculture"
"Fish oils","1115098","0.002358249916701064","1504","Agriculture"
"Wool grease","695406","0.0014706699694317633","1505","Agriculture"
"Soybean oil","362292832","0.7661900935033448","1507","Agriculture"
"Peanut oil","9624","0.000020353186175861714","1508","Agriculture"
"Olive oil","14518550","0.030704359014293126","1509","Agriculture"
"Olive oil, blended","19921","0.00004212965729523495","1510","Agriculture"
"Palm oil","22747672","0.04810760632620912","1511","Agriculture"
"Sunflower seed oil","48425536","0.10241208955464398","1512","Agriculture"
"Coconut & palm kernel oil","4307670","0.009110017611614113","1513","Agriculture"
"Rapeseed, colza or mustard oil,","2881472","0.006093842069465149","1514","Agriculture"
"Other vegetable fats and oils","3423890","0.007240967437206064","1515","Agriculture"
"Vegetable fats, hydrogenated","17805838","0.037656435560186316","1516","Agriculture"
"Margarine","20729438","0.04383937146040965","1517","Agriculture"
"Animal or vegetable fats and oils, processed","3942384","0.008337497457267081","1518","Agriculture"
"Stearic acid","2485834","0.0052571323986166894","1519","Agriculture"
"Glycerol","1850742","0.003914016675964948","1520","Agriculture"
"Vegetable waxes and beeswax","112904","0.0002387734966749263","1521","Agriculture"
"Degras and wax residues","34811","0.00007361957231586888","1522","Agriculture"
"Sausages","386106","0.0008165510496277289","1601","Agriculture"
"Other prepared or preserved meat","12775699","0.027018514159784943","1602","Agriculture"
"Extracts and juices of meat or fish","1744","0.000003688274801610851","1603","Agriculture"
"Prepared or preserved fish","25592270","0.05412346591572324","1604","Agriculture"
"Prepared aquatic invertibrates","43579872","0.09216430261182698","1605","Agriculture"
"Sugarcane & sucrose","384585088","0.8133345694642727","1701","Agriculture"
"Other sugars","7955954","0.016825541663403127","1702","Agriculture"
"Molasses","324873","0.000687053268132868","1703","Agriculture"
"Confectionery sugar","16805300","0.03554046130935254","1704","Agriculture"
"Cocoa beans","35162","0.00007436187991642244","1801","Agriculture"
"Cocoa residues","2583","0.0000054626225989454286","1802","Agriculture"
"Cocoa paste","2214000","0.004682247941953224","1803","Agriculture"
"Cocoa butter","1972870","0.00417229742422821","1804","Agriculture"
"Cocoa powder","14576303","0.030826497164876517","1805","Agriculture"
"Chocolates","68504736","0.14487631397924525","1806","Agriculture"
"Malt extract","46862516","0.09910655785715901","1901","Agriculture"
"Pasta","13654262","0.028876531232335193","1902","Agriculture"
"Tapioca","5366","0.00001134821249165357","1903","Agriculture"
"Cereal foods","17402838","0.03680415646325445","1904","Agriculture"
"Bakery products","91786880","0.19411424118261408","1905","Agriculture"
"Pickled fruits and vegetables","1411934","0.0029860095147578062","2001","Agriculture"
"Tomatoes, prepared or preserved","8844270","0.018704184736033712","2002","Agriculture"
"Mushrooms, prepared or preserved","3914029","0.008277531269193873","2003","Agriculture"
"Other vegetables, frozen","16507000","0.03490960559070545","2004","Agriculture"
"Other vegetables, prepared or preserved","16881804","0.03570225475856265","2005","Agriculture"
"Vegetables, fruits and nuts, preserved by sugar","1104138","0.0023350713090028678","2006","Agriculture"
"Jams, jellies and marmalades","4187229","0.00885530459247374","2007","Agriculture"
"Fruits and nuts, otherwise prepared","18364302","0.03883749559390582","2008","Agriculture"
"Fruit juices","13530369","0.028614517797704474","2009","Agriculture"
"Coffee extracts","8533859","0.01804771623291283","2101","Agriculture"
"Yeasts","11001888","0.02326719396820229","2102","Agriculture"
"Sauces and seasonings","36685112","0.07758301272010999","2103","Agriculture"
"Soups and broths","391046","0.0008269983417836678","2104","Agriculture"
"Ice cream","4723546","0.009989527342918423","2105","Agriculture"
"Food preparations n.e.c.","83082000","0.17570484350196827","2106","Agriculture"
"Waters","5131312","0.01085188575046065","2201","Agriculture"
"Waters, flavored or sweetened","23482000","0.04966058996068004","2202","Agriculture"
"Beer","8460428","0.017892421676171378","2203","Agriculture"
"Wine","25389646","0.05369494929106636","2204","Agriculture"
"Wine, flavored","101815","0.00021532207507225272","2205","Agriculture"
"Other fermented beverages","84495","0.00017869310743240185","2206","Agriculture"
"Ethyl alcohol > 80%","9430248","0.019943432380356146","2207","Agriculture"
"Spirits < 80% alcohol","27952790","0.05911557969708703","2208","Agriculture"
"Vinegars","1486015","0.003142678715203984","2209","Agriculture"
"Flours of fish, for animal feed","111497","0.00023579792176330562","2301","Agriculture"
"Cereal residues","71841504","0.15193303263361532","2302","Agriculture"
"Starch residues","112617856","0.2381683489083941","2303","Agriculture"
"Solid soybean residues","173158736","0.3662024097864596","2304","Agriculture"
"Solid vegetable oil and fat residues","86016288","0.1819103827743703","2306","Agriculture"
"Vegetable materials for animal feeding","20835814","0.04406433930461616","2308","Agriculture"
"Animal feed","56439496","0.1193603044222571","2309","Agriculture"
"Unmanufactured tobacco","16461080","0.034812492300057535","2401","Agriculture"
"Cigars and cigarettes","95689144","0.20236689140075234","2402","Agriculture"
"Other manufactured tobacco","7516158","0.0158954450437648","2403","Agriculture"
"Salt","4783520","0.010116362545299046","2501","Minerals"
"Unroasted iron pyrites","50873","0.0001075880756779523","2502","Minerals"
"Sulphur, crude","335141280","0.708769001148857","2503","Minerals"
"Natural graphite","236168","0.0004994566991667611","2504","Minerals"
"Natural sands","3050912","0.006452179960740919","2505","Minerals"
"Quartz","132106","0.00027938258654908426","2506","Minerals"
"Kaolin","5125324","0.010839222109685397","2507","Minerals"
"Clays","5073082","0.010728738822881638","2508","Minerals"
"Chalk","261738","0.0005535330676743239","2509","Minerals"
"Natural calcium phosphates","34331","0.00007260445081083836","2510","Minerals"
"Natural barium sulfate","1541275","0.0032595445784706217","2511","Minerals"
"Siliceous fossil meals and earths","118046","0.0002496479857975656","2512","Minerals"
"Natural abrasives","364840","0.0007715769372819397","2513","Minerals"
"Slate","932548","0.001972186519319149","2514","Minerals"
"Marble","7294258","0.015426162831335069","2515","Minerals"
"Granite","538142","0.0011380823270002675","2516","Minerals"
"Gravel","1487874","0.0031466101961995087","2517","Minerals"
"Dolomite","273504","0.0005784162335663842","2518","Minerals"
"Natural magnesia","1700120","0.003595475777359312","2519","Minerals"
"Gypsum","918074","0.0019415763762695411","2520","Minerals"
"Limstone","4952","0.000010472670193564755","2521","Minerals"
"Quicklime","154021","0.0003257292277631335","2522","Minerals"
"Cements","18402674","0.038918646098887136","2523","Minerals"
"Mica","38763","0.00008197740604062006","2525","Minerals"
"Natural steatite","2556918","0.005407463434165833","2526","Minerals"
"Natural borates","49382","0.00010443485450295126","2528","Minerals"
"Feldspar","729440","0.001542646313811364","2529","Minerals"
"Mineral substances n.e.c.","4762338","0.010071566079216637","2530","Minerals"
"Iron ores and concentrates","9490","0.000020069798089040696","2601","Minerals"
"Manganese > 47% by weight","16885","0.00003570901377591698","2602","Minerals"
"Cobalt ore","15188890","0.03212201849279761","2605","Minerals"
"Aluminum ore","88743","0.00018767693275192185","2606","Minerals"
"Lead ore","2082","0.000004403089528069834","2607","Minerals"
"Chromium ore","149551","0.0003162759087475369","2610","Minerals"
"Molybdenum ore","10629","0.00002247859682701934","2613","Minerals"
"Titanium ore","431267","0.0009120591793958181","2614","Minerals"
"Zirconium ore","47875","0.00010124779594444924","2615","Minerals"
"Other ores","34370","0.0000726869294331221","2617","Minerals"
"Granulated iron or steel slag","487936","0.0010319048472470138","2618","Minerals"
"Other slag and ash","379999","0.0008036357433126844","2621","Minerals"
"Coal","667017024","1.4106319276746904","2701","Minerals"
"Lignite","10989","0.00002323993795579222","2702","Minerals"
"Peat","21638310","0.045761487111493165","2703","Minerals"
"Coke","14805840","0.031311930383418576","2704","Minerals"
"Oils etc. from high temperature coal tar","102119280","0.21596557751298331","2707","Minerals"
"Petroleum oils, crude","41712","0.00008821405878715126","2709","Minerals"
"Petroleum oils, refined","2553671936","5.40059853963853","2710","Minerals"
"Petroleum gases","962874368","2.0363218283322095","2711","Minerals"
"Petroleum jelly","4738532","0.01002122028224006","2712","Minerals"
"Petroleum coke","162654368","0.34398738925822153","2713","Minerals"
"Bitumen and asphalt, natural","158777","0.00033578739000881077","2714","Minerals"
"Bituminous mixtures","652682","0.0013803156961381727","2715","Minerals"
"Electrical energy","15608813","0.033010086967291206","2716","Minerals"
"Iodine","2035099","0.00430390158284601","2801","Chemicals"
"Sulfur, sublimed or precipitated","6281696","0.013284759786800273","2802","Chemicals"
"Carbon","2343096","0.00495526487073118","2803","Chemicals"
"Silicon & rare gases","4645644","0.009824777352324907","2804","Chemicals"
"Rare-earth metals","58399","0.00012350433494224316","2805","Chemicals"
"Hydrochloric acid","300965","0.0006364917578364734","2806","Chemicals"
"Sulfiric acid, oleum","30898674","0.06534564261318139","2807","Chemicals"
"Sulfonitric acids","5252639","0.011108472514712394","2808","Chemicals"
"Phosphoric acid etc.","920754","0.0019472441380059616","2809","Chemicals"
"Oxides of boron; boric acids","5237474","0.011076401019662837","2810","Chemicals"
"Other inorganic acids","5350880","0.011316236164245107","2811","Chemicals"
"Halides of nonmetals","122125","0.00025827440375385616","2812","Chemicals"
"Sulfides of nonmetals","1722","0.0000036417483992969525","2813","Chemicals"
"Ammonia","301743104","0.6381373205522031","2814","Chemicals"
"Sodium hydroxide","5156907","0.010906014989879935","2815","Chemicals"
"Hydroxides or peroxides of magnesium","180711","0.00038217421311576743","2816","Chemicals"
"Zinc oxide or peroxide","1455535","0.003078218499634547","2817","Chemicals"
"Aluminum oxide","4699982","0.009939693336367298","2818","Chemicals"
"Chromium oxides and hydroxides","152781","0.0003231068305418047","2819","Chemicals"
"Manganese oxides","1087492","0.0022998677411429974","2820","Chemicals"
"Iron oxides and hydroxides","3750956","0.00793265854171504","2821","Chemicals"
"Cobalt oxides and hydroxides","1683","0.0000035592697770132234","2822","Chemicals"
"Titanium oxides","955205","0.002020102369193058","2823","Chemicals"
"Lead oxides","128234","0.0002711939397418382","2824","Chemicals"
"Metal base oxides, n.e.c.","459309","0.0009713634236542879","2825","Chemicals"
"Flourides","273702","0.0005788349711872093","2826","Chemicals"
"Chlorides, bromides, iodides etc.","2414138","0.0051055070831486325","2827","Chemicals"
"Hyopchlorites","433185","0.0009161154357430026","2828","Chemicals"
"Sodium chlorate","2132655","0.004510216569397585","2829","Chemicals"
"Sulfides; polysulfides","2043790","0.004322281626596468","2830","Chemicals"
"Dithionites and sulfoxylates","573873","0.0012136475488674448","2831","Chemicals"
"Sulfites","1261070","0.0026669568257267173","2832","Chemicals"
"Sulfates","21249500","0.044939217544053764","2833","Chemicals"
"Nitrites, nitrates","26790892","0.05665835543364548","2834","Chemicals"
"Phosphates","15641966","0.03308020014074178","2835","Chemicals"
"Carbonates","24506862","0.05182800549378124","2836","Chemicals"
"Cyanides","5786947","0.01223844655869123","2837","Chemicals"
"Silicates","1944116","0.004111487416403946","2839","Chemicals"
"Borates","540709","0.0011435111122157118","2840","Chemicals"
"Salts of oxometallic acids","457085","0.0009666600273476465","2841","Chemicals"
"Other salts of acids","659361","0.0013944406889133784","2842","Chemicals"
"Compounds of precious metals","1065742","0.002253870047946302","2843","Chemicals"
"Uranium","948931","0.0020068338851877213","2844","Chemicals"
"Non-radioactive isotopes","47567","0.00010059642631205467","2845","Chemicals"
"Compounds of rare-earth metals","16387","0.00003465582521444783","2846","Chemicals"
"Hydrogen peroxide","1966831","0.004159525926793045","2847","Chemicals"
"Carbides","978007","0.0020683248703549447","2849","Chemicals"
"Hydrides, nitrides, azides, silicides and borides","5897","0.00001247119065659357","2850","Chemicals"
"Inorganic compounds, liquid or compressed air","1087575","0.002300043272569909","2851","Chemicals"
"Acyclic hydrocarbons","33474092","0.07079223052202027","2901","Chemicals"
"Cyclic hydrocarbons","7682250","0.01624670246254298","2902","Chemicals"
"Halogenated derivatives of hydrocarbons","13345326","0.02822318211300581","2903","Chemicals"
"Sulfonated, nitrated derivatives of hydrocarbons","2478613","0.005241861164475387","2904","Chemicals"
"Acyclic alcohols","10213353","0.02159957139326639","2905","Chemicals"
"Cyclic alcohols","481647","0.0010186046406946451","2906","Chemicals"
"Phenols, phenol-alcohols","1259482","0.0026635984654142415","2907","Chemicals"
"Derivatives of phenols","297757","0.0006297073624445195","2908","Chemicals"
"Ethers","5681126","0.01201465244872491","2909","Chemicals"
"Epoxides","97715","0.00020665124555011713","2910","Chemicals"
"Acetals and hemiacetals","47899","0.00010129855201970076","2911","Chemicals"
"Aldehydes","1392918","0.0029457937844668478","2912","Chemicals"
"Derivatives of aldehydes","60505","0.0001279581805455645","2913","Chemicals"
"Ketones and quinones","5039796","0.01065834437618071","2914","Chemicals"
"Saturated acyclic monocarboxylic acids","20262980","0.04285288907083981","2915","Chemicals"
"Unsaturated acyclic monocarboxylic acids","9806233","0.020738579170083014","2916","Chemicals"
"Polycarboxylic acids","19504874","0.04124961885481344","2917","Chemicals"
"Carboxylic acids with additional oxygen function","8894968","0.018811402715329623","2918","Chemicals"
"Phosporic esters","972464","0.002056602331808311","2919","Chemicals"
"Esters of other inorganic acids of nonmetals","1465814","0.0030999569036974815","2920","Chemicals"
"Amine-function compounds","7252862","0.015338617060872063","2921","Chemicals"
"Oxygen-function amino-compounds","20530128","0.04341786340381042","2922","Chemicals"
"Quaternary ammonium salts and hydroxides","3765815","0.007964082896805141","2923","Chemicals"
"Carboxyamide-function compounds","4456132","0.009423990463447112","2924","Chemicals"
"Carboxyimide-function compounds","4448231","0.009407281140507016","2925","Chemicals"
"Nitrile-function compounds","1102356","0.002331302670415442","2926","Chemicals"
"Diazo-, azo-, or azoxy-compounds","481056","0.0010173547723415766","2927","Chemicals"
"Organix derivatives of hydrazine","1001003","0.002116957649791781","2928","Chemicals"
"Isocyanates","19087054","0.040365997881413755","2929","Chemicals"
"Organo-sulfur compounds","6706112","0.014182330221548247","2930","Chemicals"
"Other organo-inorganic compounds","4346709","0.009192578712520126","2931","Chemicals"
"Heterocyclic compounds with oxygen hetero-atom(s) only","11807410","0.02497074127023393","2932","Chemicals"
"Heterocyclic compounds with nitrogen hetero-atom(s) only","31954854","0.0675792905948129","2933","Chemicals"
"Nucleic acids and their salts","10413542","0.02202293839112171","2934","Chemicals"
"Sulfonamides","11926839","0.025223314074867866","2935","Chemicals"
"Vitamins","19574882","0.04139767432632214","2936","Chemicals"
"Hormones","13729617","0.029035894734442638","2937","Chemicals"
"Glycosides","5723846","0.012104998262672627","2938","Chemicals"
"Vegetable alkaloids","1909733","0.004038772994096729","2939","Chemicals"
"Other sugars, chemically pure","1189856","0.0025163508614366287","2940","Chemicals"
"Antibiotics","52864368","0.11179949334718062","2941","Chemicals"
"Other organic compounds","2576032","0.005447886418430735","2942","Chemicals"
"Heparin for therapeutic use","3986883","0.008431605565292818","3001","Chemicals"
"Serums and vaccines","215320736","0.45536814498457706","3002","Chemicals"
"Medicaments, not packaged","36119460","0.07638675124185267","3003","Chemicals"
"Medicaments, packaged","398256608","0.8422475985443866","3004","Chemicals"
"Wadding, gauze and bandages","12393447","0.026210113689908023","3005","Chemicals"
"Pharmaceutical goods","23031944","0.04870879511887168","3006","Chemicals"
"Animal or vegetable fertilizers","2209659","0.0046730674368421045","3101","Chemicals"
"Nitrogenous fertilizers","89527072","0.18933511681169746","3102","Chemicals"
"Phosphatic fertilizers","2513280","0.005315176200339747","3103","Chemicals"
"Potassic fertilizers","81129848","0.17157636125970094","3104","Chemicals"
"Mixed fertilizers","45577604","0.09638917910034284","3105","Chemicals"
"Vegetable tanning extracts","751093","0.0015884388678705842","3201","Chemicals"
"Synthetic tanning substances","2523447","0.005336677742718174","3202","Chemicals"
"Coloring matter of animal or vegetable origin","2226261","0.004708177951897347","3203","Chemicals"
"Synthetic organic coloring matter","25608334","0.05415743864875826","3204","Chemicals"
"Color lakes","319685","0.0006760814965326632","3205","Chemicals"
"Other coloring matter","45114980","0.09541080499379444","3206","Chemicals"
"Prepared pigments","34406520","0.07276416326096317","3207","Chemicals"
"Paints and varnishes, nonaqueous","49709752","0.10512799638527787","3208","Chemicals"
"Paints and varnishes, aqueous","13318037","0.028165470340608355","3209","Chemicals"
"Other paints and varnishes","1794288","0.0037946256979545473","3210","Chemicals"
"Prepared driers","2142352","0.0045307241386356705","3211","Chemicals"
"Pigments, nonaqueous","3049388","0.006448956949962448","3212","Chemicals"
"Artists' colors","2771212","0.0058606602004137665","3213","Chemicals"
"Glaziers' putty","24795176","0.052437742455450756","3214","Chemicals"
"Ink","23834066","0.05040515197690936","3215","Chemicals"
"Essential oils","2454004","0.005189817153814355","3301","Chemicals"
"Mixtures of odoriferous subtances","67469640","0.1426872552097222","3302","Chemicals"
"Perfumes","34289352","0.07251637210158522","3303","Chemicals"
"Make-up preparations","73761560","0.1559936370845796","3304","Chemicals"
"Hair products","73866960","0.15621654084839257","3305","Chemicals"
"Dental hygiene products","20955914","0.04431833116452067","3306","Chemicals"
"Toiletries","44165596","0.09340301308768634","3307","Chemicals"
"Soap","18105494","0.03829015899708512","3401","Chemicals"
"Cleaning products","107749152","0.22787183613333564","3402","Chemicals"
"Lubricants","26610694","0.05627726613163822","3403","Chemicals"
"Artificial and prepared waxes","4053168","0.008571787500628123","3404","Chemicals"
"Polishes and creams","3127053","0.006613205724312853","3405","Chemicals"
"Candles","2854311","0.006036400996135704","3406","Chemicals"
"Modeling pastes","2794052","0.005908963065361468","3407","Chemicals"
"Casein","17017294","0.035988793951722206","3501","Chemicals"
"Albumins","45415","0.00009604529823116788","3502","Chemicals"
"Gelatin","1930136","0.004081922002569932","3503","Chemicals"
"Peptones","1405744","0.0029729186770158507","3504","Chemicals"
"Dextrins and other modified starches","19446642","0.04112646769756149","3505","Chemicals"
"Glues and adhesives","35895804","0.07591375537658371","3506","Chemicals"
"Enzymes","12186220","0.025771862472985192","3507","Chemicals"
"Prepared explosives, except gunpowder","737332","0.0015593366032232404","3602","Chemicals"
"Detonators","3838421","0.008117632713459817","3603","Chemicals"
"Fireworks","1893786","0.0040050476969285586","3604","Chemicals"
"Matches","19654","0.000041564995958061734","3605","Chemicals"
"Ferrocerium and other pyrophoric alloys","751064","0.0015883775376129884","3606","Chemicals"
"Photographic plates","11586412","0.02450336664029907","3701","Chemicals"
"Photographic film in rolls","380545","0.0008047904440246566","3702","Chemicals"
"Photographic paper","1425946","0.0030156426033588223","3703","Chemicals"
"Photographic film, not developed","267906","0.0005665773790139659","3704","Chemicals"
"Photographic film, developed","30684","0.0000648916422090753","3705","Chemicals"
"Chemical preparations for photographic uses","4142102","0.00875986836714559","3707","Chemicals"
"Artificial graphite","434438","0.0009187653258384258","3801","Chemicals"
"Activated carbon","4695358","0.009929914332535504","3802","Chemicals"
"Tall oil","67057","0.00014181458908923096","3803","Chemicals"
"Residual lyes","874684","0.001849813621887721","3804","Chemicals"
"Turpentines","443299","0.0009375048917885829","3805","Chemicals"
"Rosin and resin acids","1590657","0.003363979432973573","3806","Chemicals"
"Wood tar and oils","136540","0.0002887597714518037","3807","Chemicals"
"Insecticides, rodenticides, fungicides, etc.","141001840","0.2981958334018147","3808","Chemicals"
"Finishing agents","8880659","0.01878114152029737","3809","Chemicals"
"Pickling preparations for metal surfaces","5335376","0.011283447739632623","3810","Chemicals"
"Anti-knock","22875492","0.04837792472365286","3811","Chemicals"
"Stabilizers for rubber or plastic","12117360","0.025626234833742694","3812","Chemicals"
"Preparations for fire extinguishers","658997","0.0013936708884387304","3813","Chemicals"
"Organic composite solvents and thinners","14504739","0.030675151007822345","3814","Chemicals"
"Catalytic preparations","7235442","0.015301776609585331","3815","Chemicals"
"Refractory cements","10261719","0.02170185757391703","3816","Chemicals"
"Mixed alkylbenzenes","32734508","0.06922813130706926","3817","Chemicals"
"Chemical elements for electronics","154480","0.0003266999377023189","3818","Chemicals"
"Hydraulic fluids","3720676","0.007868621293439366","3819","Chemicals"
"Antifreezing preparation","4880401","0.010321250017234173","3820","Chemicals"
"Prepared culture media for micro-organisms","2600040","0.005498659412374011","3821","Chemicals"
"Diagnostic or laboratory reagents","81133216","0.17158348402892792","3822","Chemicals"
"Industrial monocarboxylic fatty acids","77101296","0.16305663257358913","3823","Chemicals"
"Polymers of ethylene","196553264","0.4156780107715396","3901","Chemicals"
"Polymers of propylene","168603568","0.3565689743784871","3902","Chemicals"
"Polymers of styrene","40403624","0.08544705750743084","3903","Chemicals"
"Polymers of vinyl chloride","60952664","0.12890491669853948","3904","Chemicals"
"Polymers of vinyl acetate","11367684","0.024040792689148417","3905","Chemicals"
"Acrylic polymers","48296728","0.10213968169876905","3906","Chemicals"
"Polyacetals","185930048","0.3932116461586559","3907","Chemicals"
"Polyamides","22333226","0.04723112081105521","3908","Chemicals"
"Amino-resins","31363230","0.06632810258378755","3909","Chemicals"
"Silicones in primary forms","3796104","0.008028139178609034","3910","Chemicals"
"Petroleum resins","3678184","0.0077787576622065395","3911","Chemicals"
"Cellulose n.e.c.","18344154","0.03879488586873216","3912","Chemicals"
"Natural polymers","3191399","0.00674928699173513","3913","Chemicals"
"Ion-exchangers based on polymers","1596672","0.0033767001743334863","3914","Chemicals"
"Plastic waste","3922800","0.008296080499861837","3915","Chemicals"
"Monofilament","18268578","0.03863505498776511","3916","Chemicals"
"Plastic tubes and fittings","156361952","0.33067995842447556","3917","Chemicals"
"Plastic floor coverings","13668764","0.02890720059080593","3918","Chemicals"
"Self-adhesive plastic sheets","55861640","0.11813823347973439","3919","Chemicals"
"Other plates of plastics, noncellular and not reinforced","175990912","0.3721919988773582","3920","Chemicals"
"Other plastic plates, sheets etc.","81483848","0.17232501336966094","3921","Chemicals"
"Baths, sinks etc.","15887801","0.03360010096405256","3922","Chemicals"
"Packing lids","351723424","0.743837524011175","3923","Chemicals"
"Plastic household articles","47071956","0.09954948920718731","3924","Chemicals"
"Plastic builders' ware","19073920","0.04033822161923236","3925","Chemicals"
"Other articles of plastic","334479392","0.7073692162681869","3926","Chemicals"
"Natural rubber","1471808","0.00311263323349155","4001","Chemicals"
"Synthetic rubber","12521686","0.026481318203832205","4002","Chemicals"
"Reclaimed rubber","602815","0.0012748551459478468","4003","Chemicals"
"Scrap of rubber","3732386","0.007893386028489172","4004","Chemicals"
"Compounded rubber","14798340","0.03129606910990247","4005","Chemicals"
"Unvulcanized rubber rods","1276459","0.0026995020441452893","4006","Chemicals"
"Vulcanized rubber thread and cord","2240247","0.004737756054750174","4007","Chemicals"
"Vulcanized rubber plates","22105244","0.04674897616322216","4008","Chemicals"
"Vulcanized rubber tubes","29647200","0.06269897975820941","4009","Chemicals"
"Conveyor belts of vulcanized rubber","18891432","0.03995228934171151","4010","Chemicals"
"New pneumatic tires of rubber","210827856","0.4458664385105739","4011","Chemicals"
"Used pneumatic tires of rubber","1434512","0.003033758292550679","4012","Chemicals"
"Rubber inner tubes","3689274","0.007802211198645681","4013","Chemicals"
"Rubber hygenic or pharmeceutical items","1689426","0.003572859716161819","4014","Chemicals"
"Vulcanized rubber articles of apparel","9706045","0.02052669793394552","4015","Chemicals"
"Other articles of vulcanized rubber","102516592","0.2168058274200806","4016","Chemicals"
"Hard rubber","652422","0.0013797658386562812","4017","Chemicals"
"Raw hides of bovines or equines","15086","0.000031904422968521385","4101","Agriculture"
"Raw skins of sheep or lambs","91229","0.00019293441621339238","4102","Agriculture"
"Tanned hides of bovines or equines","58074276","0.12281759678474415","4104","Agriculture"
"Tanned sheepskins","4587606","0.009702036473347907","4105","Agriculture"
"Tanned skins of other animals","4182668","0.00884565882333948","4106","Agriculture"
"Bovine leather further prepared","1747666","0.0036960277921055215","4107","Agriculture"
"Chamois leather","8186214","0.017312503908712137","4108","Agriculture"
"Patent leather","3321214","0.007023824487934163","4109","Agriculture"
"Waste of leather","2154","0.000004555357753824411","4110","Agriculture"
"Composition leather","271445","0.0005740617852770971","4111","Agriculture"
"Saddlery and harnesses","3739913","0.007909304402589933","4201","Agriculture"
"Trunks or cases","64971896","0.13740493510876192","4202","Agriculture"
"Leather apparel","4985754","0.010544054383733088","4203","Agriculture"
"Other articles of leather","28546408","0.06037098469203119","4205","Agriculture"
"Articles of gut","3432","0.000007258118760968142","4206","Agriculture"
"Other raw furskins","180574","0.00038188448051954","4301","Agriculture"
"Other tanned furskins","357424","0.0007558933100292182","4302","Agriculture"
"Furskin apparel","430553","0.0009105491861570852","4303","Agriculture"
"Artificial fur","273173","0.0005777162226952069","4304","Agriculture"
"Fuel wood","264199","0.000558737680224074","4401","Agriculture"
"Wood charcoal","2030092","0.00429331259664666","4402","Agriculture"
"Wood in the rough","8562120","0.01810748362635797","4403","Agriculture"
"Strips and other pieces of wood","666889","0.001410361177850607","4404","Agriculture"
"Wood wool or flour","388854","0.0008223626202440284","4405","Agriculture"
"Wood sawn lengthwise","180094144","0.38086966355096097","4407","Agriculture"
"Sheets for veneering for plywood","22731344","0.04807307527634633","4408","Agriculture"
"Wood shaped along its edges","10113196","0.02138775571705943","4409","Agriculture"
"Particle board and similar board","22946436","0.048527959682096375","4410","Agriculture"
"Fiberboard of wood","55553472","0.11748650855481305","4411","Agriculture"
"Plywood","38614004","0.08166230386611271","4412","Agriculture"
"Densified wood","670956","0.0014189622177692718","4413","Agriculture"
"Wooden frames","364454","0.0007707606104049776","4414","Agriculture"
"Packing boxes","15847556","0.033514989370365164","4415","Agriculture"
"Casks, barrels, etc. of wood","563715","0.0011921650400172365","4416","Agriculture"
"Wooden tools","2697366","0.005704487986537761","4417","Agriculture"
"Wood carpentry for construction","19237582","0.040684339985391324","4418","Agriculture"
"Wooden kitchenware","1853851","0.003920591702546489","4419","Agriculture"
"Wood marquetry, ornaments, etc.","1031553","0.0021815659039140355","4420","Agriculture"
"Other articles of wood","8029827","0.01698177097786379","4421","Agriculture"
"Natural cork, raw","493559","0.0010437965727111524","4501","Agriculture"
"Natural cork, debacked","650944","0.0013766401103553747","4502","Agriculture"
"Articles of natural cork","260800","0.0005515493510665768","4503","Agriculture"
"Agglomerated cork","666811","0.0014101962206060394","4504","Agriculture"
"Products of plaiting materials","203979","0.00043138222807212137","4601","Agriculture"
"Basketwork","987059","0.002087468370070645","4602","Agriculture"
"Chemical woodpulp, dissolving grade","10790","0.000022819085498498326","4702","Agriculture"
"Chemical woodpulp, soda or sulfate","22866266","0.04835841324239159","4703","Agriculture"
"Chemical woodpulp, sulfite","524449","0.0011091238712328032","4704","Agriculture"
"Pulps of recovered paper fibers","37931","0.00008021786209856718","4706","Agriculture"
"Paper waste","515478","0.0010901516732710768","4707","Agriculture"
"Newsprint","6913404","0.014620718902841548","4801","Agriculture"
"Paper used for graphic purposes","71016904","0.15018913848143167","4802","Agriculture"
"Tissue","6322888","0.013371874130623641","4803","Agriculture"
"Uncoated kraft paper and paperboard","105639152","0.22340953118413906","4804","Agriculture"
"Other uncoated paper and paperboard","61191272","0.12940953359869015","4805","Agriculture"
"Transparent paper","3540464","0.0074875023837215355","4806","Agriculture"
"Uncoated composite paper","1508316","0.003189841683294995","4807","Agriculture"
"Corrugated paper and paperboard","4736636","0.01001721055229519","4808","Agriculture"
"Carbon paper","4924851","0.010415254498272936","4809","Agriculture"
"Paper and paperboard, coated with kaolin","59273112","0.1253529388776707","4810","Agriculture"
"Cellulose wadding, coated","83279400","0.17612231222091207","4811","Agriculture"
"Filter blocks of paper pulp","200506","0.0004240374010159319","4812","Agriculture"
"Cigarette paper","8838658","0.018692316273770732","4813","Agriculture"
"Wallpaper","2231018","0.004718238228979494","4814","Agriculture"
"Other carbon paper","1526402","0.003228090615669957","4816","Agriculture"
"Letterstock","3756600","0.007944594678745023","4817","Agriculture"
"Toilet paper","111539944","0.23588874130062235","4818","Agriculture"
"Cardboard packing containers","84502896","0.1787098061811596","4819","Agriculture"
"Notebooks","15199709","0.0321448989085537","4820","Agriculture"
"Paper labels","22005352","0.046537720918679436","4821","Agriculture"
"Bobbins, spools, cops of paper","2218362","0.004691472858630189","4822","Agriculture"
"Other paper cut to size","26572370","0.0561962171388074","4823","Agriculture"
"Books, brochures etc.","49187480","0.10402347651303767","4901","Agriculture"
"Newspapers, journals and periodicals","5150629","0.010892738046528724","4902","Agriculture"
"Children's books","259460","0.0005487154701983665","4903","Agriculture"
"Music, printed or in manuscript","9082","0.00001920694480976476","4904","Agriculture"
"Maps","185142","0.00039154505350908034","4905","Agriculture"
"Architectural, engineering, etc. drawings","75777","0.00016025596309728523","4906","Agriculture"
"Unused stamps","16276151","0.03442139770671631","4907","Agriculture"
"Transfers (decalcomanias)","2178825","0.004607858569162708","4908","Agriculture"
"Printed or illustrated postcards","78639","0.00016630862507102963","4909","Agriculture"
"Calendars","154384","0.0003264969134013128","4910","Agriculture"
"Other printed matter","11236528","0.023763419197244708","4911","Agriculture"
"Silk yarn","139360","0.00029472361029385787","5004","Textiles"
"Yarn from silk waste","105844","0.00022384275120510255","5005","Textiles"
"Silk yarn, for retail sale","136104","0.00028783770275140095","5006","Textiles"
"Woven silk fabrics","5547216","0.011731454697186087","5007","Textiles"
"Wool","806204","0.0017049896205033684","5101","Textiles"
"Animal hair","31337","0.00006627263042321056","5102","Textiles"
"Garnetted stock of wool or animal hair","42062","0.00008895425155123601","5104","Textiles"
"Wool, combed","1815762","0.0038400396962858492","5105","Textiles"
"Yarn of carded wool, not for retail sale","1330165","0.0028130814515393903","5106","Textiles"
"Yarn of combed wool, not for retail sale","3873051","0.008190869500374832","5107","Textiles"
"Yarn of animal hair, not for retail sale","19410","0.00004104897585967122","5108","Textiles"
"Yarn of wool or animal hair, for retail sale","20359","0.00004305595566857529","5109","Textiles"
"Woven fabrics of carded wool","51864076","0.10968403934611816","5111","Textiles"
"Woven fabrics of combed wool","21149906","0.04472859252077875","5112","Textiles"
"Woven fabrics of coarse animal hair","534572","0.001130532360806603","5113","Textiles"
"Raw cotton","10896230","0.02304374457658039","5201","Textiles"
"Cotton waste","183887","0.0003888909337407193","5202","Textiles"
"Cotton, carded or combed","189870","0.00040154400033363084","5203","Textiles"
"Cotton sewing thread","2148156","0.0045429986495006645","5204","Textiles"
"Cotton yarn of > 85%","51566768","0.10905528154524814","5205","Textiles"
"Cotton yarn of < 85%","5909578","0.012497791069698307","5206","Textiles"
"Cotton yarn for retail sale","193304","0.00040880634876753666","5207","Textiles"
"Woven fabrics of cotton of > 85% weighing < 200 g/m2","105458912","0.22302835305900007","5208","Textiles"
"Woven fabrics of cotton of < 85% weighing > 200 g/m2","112334416","0.2375689196596736","5209","Textiles"
"Woven fabrics of cotton of < 85% weighing < 200 g/m2","17571834","0.03716155536713807","5210","Textiles"
"Woven fabrics of cotton of < 85% weighing > 200 g/m2","41715068","0.08822054710543759","5211","Textiles"
"Other woven cotton fabrics","22764234","0.04814263224780561","5212","Textiles"
"Flax, raw or processed","389786","0.0008243336478329627","5301","Textiles"
"Hemp fiber","18884","0.00003993657187707529","5302","Textiles"
"Textile bast fibers","1603006","0.0033900955485269514","5303","Textiles"
"Vegetable textile fibers","14104054","0.02982776775731578","5305","Textiles"
"Flax yarn","51604","0.000109134021136655","5306","Textiles"
"Yarn of textile bast fibers","5382232","0.01138254051721535","5307","Textiles"
"Yarn of other vegetable textile fibers","464598","0.0009825487937378428","5308","Textiles"
"Woven fabrics of flax","28119966","0.059469129598597396","5309","Textiles"
"Woven fabrics of jute or of other textile bast fibers","288480","0.0006100880245233361","5310","Textiles"
"Woven fabrics of vegetable textile fibers","4093526","0.008657138070836502","5311","Textiles"
"Synthetic sowing thread","6907754","0.014608770076792753","5401","Textiles"
"Synthetic filament yarn","63284168","0.13383566638492417","5402","Textiles"
"Artificial filament yarn","9136049","0.019321249606067667","5403","Textiles"
"Synthetic monofilament >67 dtex, thickness < 1mm","4111840","0.008695869185926353","5404","Textiles"
"Artificial monofilament >67dtex t<1mm, strip, straws t<5mm","22519","0.00004762400244121258","5405","Textiles"
"Synthetic filament yarn for retail sale","298503","0.0006312850304502544","5406","Textiles"
"Woven fabrics of synthetic filament yarn","284138592","0.6009066565589372","5407","Textiles"
"Woven fabrics of artificial filament yarn","56986072","0.12051622328003535","5408","Textiles"
"Synthetic filament tow","4761916","0.010070673618226797","5501","Textiles"
"Artificial filament tow","4440192","0.009390279970134224","5502","Textiles"
"Synthetic staple fibers","18494166","0.03911213671709182","5503","Textiles"
"Artificial staple fibers, not processed for spinning","2157667","0.00456311285915555","5504","Textiles"
"Waste of man-made fibers","2956590","0.006252704355329486","5505","Textiles"
"Synthetic staple fibers, processed","4105557","0.008682581668392798","5506","Textiles"
"Artificial staple fibers, processed","321415","0.0006797401636237107","5507","Textiles"
"Synthetic staple fibers sewing thread","9655920","0.02042069175594624","5508","Textiles"
"Yarn of synthetic staple fibers, not for retail sale","39782192","0.08413283045094311","5509","Textiles"
"Yarn of artificial staple fibers, not for retail sale","5365860","0.011347916414547935","5510","Textiles"
"Yarn of synthetic staple fibers, for retail sale","1254576","0.0026532230776982425","5511","Textiles"
"Woven fabrics of > 85% synthetic staple fibers","94511488","0.19987634154423525","5512","Textiles"
"Woven fabrics of < 85% synthetic staple fibers weighing < 170 g/m2","19417774","0.04106541659837978","5513","Textiles"
"Woven fabrics of < 85% synthetic staple fibers weighing > 170 g/m2","34880128","0.07376576673128503","5514","Textiles"
"Other woven fabrics of synthetic staple fibers","101759872","0.2152054883674","5515","Textiles"
"Woven fabrics of artificial staple fibers","154544976","0.32683735131671654","5516","Textiles"
"Wadding of textile materials","4622688","0.009776229166346823","5601","Textiles"
"Felt","5452196","0.011530502935919423","5602","Textiles"
"Nonwoven textiles","121443704","0.25683357412699936","5603","Textiles"
"Rubber textiles","3076979","0.006507307402973482","5604","Textiles"
"Metallised yarn","3765532","0.007963484398084466","5605","Textiles"
"Gimp yarn","2515394","0.005319646964634819","5606","Textiles"
"Twine and ropes of baste fibers","15015169","0.031754626986598845","5607","Textiles"
"Nets","27508852","0.058176723424794866","5608","Textiles"
"Articles of yarn, rope etc not elsewhere clasified","4504806","0.009526928013730143","5609","Textiles"
"Carpets, knotted","837107","0.0017703444118991139","5701","Textiles"
"Woven carpets and rugs","15799953","0.03341431680994023","5702","Textiles"
"Carpets, tufted","16807418","0.03554494053299349","5703","Textiles"
"Carpets of felt","1197002","0.0025314634828427704","5704","Textiles"
"Other carpets","4050960","0.008567117941704984","5705","Textiles"
"Woven pile fabrics","26328852","0.055681216391594866","5801","Textiles"
"Terry cloth","2205360","0.004663975754862675","5802","Textiles"
"Gauze","67939","0.00014367987485472452","5803","Textiles"
"Lace and net fabrics","15641977","0.03308022340394294","5804","Textiles"
"Hand-woven tapestries","629905","0.0013321460658880062","5805","Textiles"
"Narrow woven fabrics","34761292","0.07351444802467709","5806","Textiles"
"Labels and badges of textiles","15595907","0.0329827928878247","5807","Textiles"
"Braids in piece","4451082","0.009413310539279603","5808","Textiles"
"Woven fabric incorporating metal threads","184357","0.0003898849068810617","5809","Textiles"
"Embroidery in the piece","19980188","0.04225483023615109","5810","Textiles"
"Quilted textile products","2619194","0.005539166990097666","5811","Textiles"
"Stiffened textiles","1960913","0.004147010324570607","5901","Textiles"
"Tire cord fabric","116630","0.00024665337735772563","5902","Textiles"
"Textile fabrics impregnated with plastics","120140120","0.2540767071436375","5903","Textiles"
"Linoleum","59494","0.00012582008087559402","5904","Textiles"
"Textile wall coverings","298501","0.0006312808007773169","5905","Textiles"
"Rubberized textile fabrics","26688040","0.056440840273155074","5906","Textiles"
"Other textile fabrics impregnated, coated or covered","2326131","0.0049193866700377575","5907","Textiles"
"Textile wicks","12006","0.000025390726644575612","5908","Textiles"
"Textile hosepiping and similar tubing","1170770","0.002475987092592853","5909","Textiles"
"Transmission belts or belting, of textile material","1133304","0.002396752629452284","5910","Textiles"
"Textile articles for technical use","9469459","0.020026357233134794","5911","Textiles"
"Pile fabrics, knit","125114096","0.2645958529834409","6001","Textiles"
"Other knitted fabrics","358776576","0.7587537870808603","6002","Textiles"
"Men's overcoats, knit","1430692","0.003025679617239811","6101","Textiles"
"Women's overcoats, knit","2498594","0.005284117711958751","6102","Textiles"
"Men's suits, knit","10875243","0.022999360503609397","6103","Textiles"
"Women's suits, knit","21132416","0.0446916040309392","6104","Textiles"
"Men's shirts, knit","6888738","0.014568554346501793","6105","Textiles"
"Women's shirts, knit","4015852","0.008492870262957877","6106","Textiles"
"Men's undergarments, knit","7453684","0.01576332275021214","6107","Textiles"
"Women's undergarments, knit","8612831","0.018214729098527973","6108","Textiles"
"T-shirts, knit","35881692","0.0758839108043358","6109","Textiles"
"Sweaters, pullovers, sweatshirts etc., knit","43050468","0.09104469972589121","6110","Textiles"
"Babies' garments, knit","10274579","0.02172905437090597","6111","Textiles"
"Activewear, knit","3883402","0.00821276017266352","6112","Textiles"
"Garments knit with impregnated fibers","714074","0.0015101497366315749","6113","Textiles"
"Other garments, knit","8797760","0.018605823691869194","6114","Textiles"
"Socks, stockings, etc., knit","7651992","0.016182711740669622","6115","Textiles"
"Gloves, knit","4147446","0.008771170053234929","6116","Textiles"
"Other clothing accesories, knit","15695392","0.033193187393924614","6117","Textiles"
"Men's overcoats, not knit","13669822","0.02890943808778993","6201","Textiles"
"Womens overcoats, not knit","10934518","0.023124717435298325","6202","Textiles"
"Men's suits and pants","26639208","0.05633756857870997","6203","Textiles"
"Women's suits and pants","37938368","0.0802334442136694","6204","Textiles"
"Men's shirts","10539171","0.02228862318186229","6205","Textiles"
"Women's shirts","9550504","0.02019775415474979","6206","Textiles"
"Men's undergarments","4068138","0.008603446602566261","6207","Textiles"
"Women's undergarments","3164991","0.006693438390266701","6208","Textiles"
"Babies' garments","2361881","0.004994992073797843","6209","Textiles"
"Garments made of textile felts and nonwoven fabric","21558746","0.045593222262688485","6210","Textiles"
"Activewear","14266089","0.030170445284539986","6211","Textiles"
"Brassieres","7541462","0.015948958865771655","6212","Textiles"
"Handkerchiefs","418794","0.0008856808241203065","6213","Textiles"
"Shawls, scarves, etc.","3946034","0.008345216610378252","6214","Textiles"
"Ties, bow ties and cravats","343049","0.0007254925357900233","6215","Textiles"
"Gloves","782761","0.001655411509164972","6216","Textiles"
"Other clothing accesories","50118888","0.10599325211878236","6217","Textiles"
"Blankets","5085111","0.010754178190764995","6301","Textiles"
"House linen","21791376","0.04608519667042858","6302","Textiles"
"Curtains","4705140","0.00995060166287344","6303","Textiles"
"Other furnishing articles","5251181","0.011105389083140864","6304","Textiles"
"Bags for packing goods","8908639","0.018840314644694774","6305","Textiles"
"Tents, tarpaulins, etc.","5989978","0.012667823921790918","6306","Textiles"
"Other made up articles","48570520","0.10271870700523844","6307","Textiles"
"Needlecraft sets of woven fabric and yarn","318609","0.0006738059324922199","6308","Textiles"
"Used clothes and textiles","11574479","0.024478130296716714","6309","Textiles"
"Used or new rags textile scraps","2158979","0.004565887524602633","6310","Textiles"
"Waterproof footwear","1526902","0.003229148033904364","6401","Textiles"
"Other footwear of rubber or plastics","46411176","0.09815204756532468","6402","Textiles"
"Leather footwear","22930648","0.048494570643926746","6403","Textiles"
"Textile footwear","47573436","0.10061003739956795","6404","Textiles"
"Other footwear","3689377","0.00780242902680197","6405","Textiles"
"Parts of footwear","76610368","0.16201840013562743","6406","Textiles"
"Hat forms","121553","0.0002570647172936948","6501","Textiles"
"Hat shapes","14985","0.00003169082448517121","6502","Textiles"
"Hats","255736","0.0005408398191885048","6504","Textiles"
"Hats, knit","3435599","0.0072657300574194015","6505","Textiles"
"Other headgear","3721397","0.007870146090533381","6506","Textiles"
"Headbands","1174801","0.0024845119983986402","6507","Textiles"
"Umbrellas","4963726","0.010497468765998063","6601","Textiles"
"Walking sticks","172446","0.00036469508970102336","6602","Textiles"
"Parts of umbrellas or walking sticks","968618","0.002048468670749254","6603","Textiles"
"Feathers or down","249973","0.0005286520166187323","6701","Textiles"
"Artificial flowers","3985346","0.00842835506164025","6702","Textiles"
"Human animal hair prepared for use in wigs","108647","0.00022977063782718697","6703","Textiles"
"Wigs","699278","0.0014788586162390093","6704","Textiles"
"Flagstones, of natural stone","1892096","0.004001473623296264","6801","Stone"
"Worked building stone","96702032","0.20450898388197597","6802","Stone"
"Worked slate","375388","0.0007938842323549851","6803","Stone"
"Grindstones","7622204","0.0161197149919366","6804","Stone"
"Natural or artificial abrasive powder","7680148","0.016242257076285533","6805","Stone"
"Mineral wools and insulating materials","10700179","0.022629128772033023","6806","Stone"
"Asphalt","7606436","0.01608636825049635","6807","Stone"
"Panels of vegetable fibers","951686","0.0020126602596593026","6808","Stone"
"Plaster articles","5081718","0.010747002550626312","6809","Stone"
"Articles of cement, of concrete or of artificial stone","6014146","0.012718935289569204","6810","Stone"
"Asbestos-cement or cellulose fiber-cement","451662","0.0009551912691772706","6811","Stone"
"Asbestos fibres","340899","0.0007209456373820742","6812","Stone"
"Friction material and articles thereof","1263813","0.002672757822160673","6813","Stone"
"Mica articles","138639","0.00029319881319984334","6814","Stone"
"Articles of stone or of other mineral substances","9174056","0.01940162819573786","6815","Stone"
"Bricks, blocks, and other ceramic goods","91190","0.00019285193759110863","6901","Stone"
"Bricks, tiles and similar refractory ceramic constructional goods","12738236","0.02693928604115378","6902","Stone"
"Other refractory ceramic goods","4632602","0.009797195655098642","6903","Stone"
"Ceramic building bricks","1678735","0.003550249999473734","6904","Stone"
"Architectural ceramic ornaments","1527851","0.0032311550137132682","6905","Stone"
"Ceramic pipes","236675","0.0005005289212564496","6906","Stone"
"Unglazed ceramic flags and pavers","140663360","0.29748000355385074","6907","Stone"
"Glazed ceramic flags and pavers","385694","0.0008156797370025777","6908","Stone"
"Ceramic wares for technical ware","1572894","0.0033264135927780374","6909","Stone"
"Ceramic sinks, washbasins, and similar sanitary fixtures","23375438","0.04943522875689033","6910","Stone"
"Porcelain or china household articles","28521636","0.060318595963025745","6911","Stone"
"Ceramic household articles","2751442","0.005818849883425322","6912","Stone"
"Ornamental ceramic articles","1650527","0.003490594692361441","6913","Stone"
"Other ceramic articles","2222146","0.00469947539982818","6914","Stone"
"Cullet and other scraps of glass","2016962","0.004265544793811138","7001","Stone"
"Glass balls","452240","0.0009564136446562449","7002","Stone"
"Glass, cast or rolled","4428241","0.009365005559495432","7003","Stone"
"Drawn and blown glass","725129","0.0015335292537943085","7004","Stone"
"Float glass","42401608","0.08967246693473685","7005","Stone"
"Worked glass","1091334","0.002307992942856179","7006","Stone"
"Safety glass","19989948","0.042275471040086714","7007","Stone"
"Multiple-walled insulating glass","933920","0.0019750880749543607","7008","Stone"
"Glass mirrors","18733222","0.03961770106398052","7009","Stone"
"Glass containers for conveyance","29682344","0.06277330357106939","7010","Stone"
"Glass envelopes","121921","0.0002578429771142182","7011","Stone"
"Glassware for interior decorative use","38198564","0.08078371620350883","7013","Stone"
"Signaling glassware","177583","0.0003755590046413186","7014","Stone"
"Clock or watch glasses and similar glasses","53413","0.00011295976030873874","7015","Stone"
"Glass paving blocks or other molded products","4311434","0.009117977856082727","7016","Stone"
"Laboratory, hygienic or pharmaceutical glassware","1337399","0.002828380178554788","7017","Stone"
"Glass beads","4506603","0.009530728374864602","7018","Stone"
"Glass fibers","43996860","0.09304616404128462","7019","Stone"
"Other articles of glass","2526938","0.005344060636830803","7020","Stone"
"Pearls","39060","0.0000826055124718577","7101","Stone"
"Diamonds","3488437","0.007377473786758573","7102","Stone"
"Precious stones","437213","0.0009246339970393835","7103","Stone"
"Synthetic precious stones","244949","0.000518027078199413","7104","Stone"
"Diamond dust","16015","0.000033869106048049184","7105","Stone"
"Silver","3825406","0.00809010811681821","7106","Stone"
"Silver clad metals","4178","0.000008835786766703057","7107","Stone"
"Gold","2380841","0.005035089373246547","7108","Stone"
"Gold clad metals","14584","0.000030842775061176975","7109","Stone"
"Platinum","898909","0.0019010455353447293","7110","Stone"
"Platinum clad metals","2742","0.0000057988815974867845","7111","Stone"
"Jewelry of precious metal","42127648","0.08909308633574067","7113","Stone"
"Goldsmith and silversmith wares","354287","0.00074925906802655","7114","Stone"
"Other articles of precious metals","1217717","0.002575272320294243","7115","Stone"
"Articles of precious stones","134920","0.00028533373637232567","7116","Stone"
"Imitation jewelry","4936964","0.010440871512419674","7117","Stone"
"Coin","29719","0.00006285082501667022","7118","Stone"
"Pig iron","1803585","0.0038142873326051066","7201","Metals"
"Ferroalloys","11153975","0.02358883310223474","7202","Metals"
"Ferrous products from the reduction of iron ore","4360404","0.009221541397960527","7203","Metals"
"Ferrous waste and scrap","87951288","0.18600259134152453","7204","Metals"
"Powders of iron or steel","762551","0.0016126706641302498","7205","Metals"
"Iron and nonalloy steel","50664","0.00010714607485597027","7206","Metals"
"Semifinished products of iron or nonalloy steel","313039360","0.6620270547020571","7207","Metals"
"Flat-rolled iron, width > 600mm, hot-rolled, not clad","55765312","0.1179345155123665","7208","Metals"
"Flat-rolled iron, width > 600mm, cold-rolled, not clad","27932750","0.059073198374252","7209","Metals"
"Flat rolled iron, width > 600mm, clad","163165952","0.345069305758283","7210","Metals"
"Flat-rolled iron, width < 600mm, not clad","7288728","0.01541446778566253","7211","Metals"
"Flat-rolled iron, width < 600mm, clad","11543177","0.024411931685569915","7212","Metals"
"Hot rolled bars of iron","74852584","0.15830097442813046","7213","Metals"
"Other bars of iron, not further worked than forged","37189152","0.07864897489385078","7214","Metals"
"Other bars and rods of iron or nonalloy steel","5191826","0.010979862964534437","7215","Metals"
"Angles of iron or nonalloy steel","126742472","0.26803960193318166","7216","Metals"
"Wire of iron or nonalloy steel","33522616","0.07089485084683299","7217","Metals"
"Stainless steel in ingots","70561","0.0001492249760759537","7218","Metals"
"Flat-rolled products of stainless steel of a width > 600 mm","28980602","0.06128923399777123","7219","Metals"
"Flat-rolled products of stainless steel of a width < 600 mm","3529611","0.007464550063525503","7220","Metals"
"Bars of stainless steel, hot-rolled","9493","0.000020076142598447135","7221","Metals"
"Other bars and rods of stainless steel","7015602","0.014836850960281357","7222","Metals"
"Wire of stainless steel","972372","0.00205640776685318","7223","Metals"
"Other alloy steel in primary form","341725","0.0007226924923053142","7224","Metals"
"Flat-rolled products of other alloy steel, width > 600 mm","104785304","0.2216037822949155","7225","Metals"
"Flat-rolled products of other alloy steel, width < 600 mm","3581794","0.007574908574977601","7226","Metals"
"Bars of other alloy steel","2199998","0.004652636001716897","7227","Metals"
"Other bars and rods of other alloy steel","4123568","0.008720671988032598","7228","Metals"
"Wire of other alloy steel","3061582","0.00647474526586316","7229","Metals"
"Sheet piling of iron or steel","1829349","0.0038687739793876194","7301","Metals"
"Railway construction material of iron or steel","6100819","0.01290223451083068","7302","Metals"
"Tubes of cast iron","16599924","0.035106124654733485","7303","Metals"
"Tubes, seamless, of iron or steel","22528136","0.047643323587191665","7304","Metals"
"Other tubes and pipes, diameter > 406.4 mm, of iron or steel","73948784","0.15638958522761676","7305","Metals"
"Other tubes, pipes and hollow profiles of iron or steel","46150328","0.09760039670210761","7306","Metals"
"Tube or pipe fittings of iron or steel","32495738","0.06872317180341066","7307","Metals"
"Structures and their parts, of iron or steel","133202568","0.28170164854601826","7308","Metals"
"Tanks etc. > 300 liters, iron or steel","18303996","0.038709958265817544","7309","Metals"
"Tanks etc. < 300 liters, iron or steel","45478796","0.09618021633853231","7310","Metals"
"Containers for compressed or liquified gas","18878314","0.03992454691691362","7311","Metals"
"Wire of iron or steel, not insulated","21429470","0.045319824663346144","7312","Metals"
"Barbed wire of iron or steel","1062062","0.002246087449741068","7313","Metals"
"Cloth of iron or steel wire","11744666","0.024838047970834692","7314","Metals"
"Chain of iron or steel","7872606","0.016649274273400454","7315","Metals"
"Anchors of iron or steel","774625","0.0016382051996547049","7316","Metals"
"Nails and similar articles of iron or steel","5761706","0.012185065971381907","7317","Metals"
"Screws and similar articles of iron or steel","112815424","0.23858617291986467","7318","Metals"
"Articles for sewing of iron or steel","575250","0.001216559678685001","7319","Metals"
"Springs of iron or steel","17881822","0.03781712929443265","7320","Metals"
"Stoves and similar non-electric appliances of iron or steel","37862456","0.08007290274764883","7321","Metals"
"Radiators for central heating of iron or steel","1181238","0.002498125200748393","7322","Metals"
"Household articles of iron or steel","52200620","0.11039577487067856","7323","Metals"
"Sanitary ware and parts of iron or steel","16158518","0.03417262314838037","7324","Metals"
"Other cast articles of iron or steel","27048332","0.057202798934176846","7325","Metals"
"Other articles of iron or steel","155556512","0.32897658453903433","7326","Metals"
"Unrefined copper","58349","0.00012339859311880249","7402","Metals"
"Refined copper and copper alloys","2712756","0.0057370353197928005","7403","Metals"
"Copper waste and scrap","1933216","0.004088435698893877","7404","Metals"
"Master alloys of copper","1491985","0.0031553042889228013","7405","Metals"
"Copper powders and flakes","714785","0.0015116533853609013","7406","Metals"
"Copper bars, rods and profiles","12334314","0.02608505706499767","7407","Metals"
"Copper wire","448032288","0.9475150218683803","7408","Metals"
"Copper plates, sheets and strip > 0.15 mm","7127532","0.01507356460623566","7409","Metals"
"Copper foil < 0.15 mm thick","796074","0.0016835663270742868","7410","Metals"
"Copper tubes and pipes","12037982","0.025458363344521208","7411","Metals"
"Copper tube or pipe fittings","11451388","0.024217812960933987","7412","Metals"
"Copper wire, uninsulated","6454820","0.01365088873562715","7413","Metals"
"Screws and similar articles of copper","1674066","0.0035403758280008434","7415","Metals"
"Household articles of copper","1514674","0.0032032878135637116","7418","Metals"
"Other articles of copper","9505521","0.020102622465873153","7419","Metals"
"Nickel mattes","1626","0.0000034387240982908505","7501","Metals"
"Nickel unwrought","511999","0.0010827941571960745","7502","Metals"
"Nickel powders","74620","0.00015780909730286793","7504","Metals"
"Nickel bars, wire etc.","318252","0.0006730509358728534","7505","Metals"
"Nickel plates","264185","0.0005587080725135107","7506","Metals"
"Nickel tubes and pipes","4538350","0.009597868088240025","7507","Metals"
"Other articles of nickel","1564189","0.003308003941317015","7508","Metals"
"Unwrought aluminum","110019112","0.2326724303240837","7601","Metals"
"Waste or scrap, aluminium","457459","0.0009674509761869828","7602","Metals"
"Aluminum powders","332080","0.0007022948945636073","7603","Metals"
"Aluminum bars","54715940","0.11571526533741468","7604","Metals"
"Aluminum wire","63912980","0.13516550093455176","7605","Metals"
"Aluminum plates > 0.2 mm","63239896","0.13374203834477685","7606","Metals"
"Aluminum foil < 0.2 mm","44492660","0.09409469996252237","7607","Metals"
"Aluminum tubes and pipes","5186868","0.010969377605322059","7608","Metals"
"Aluminum tube or pipe fittings","583625","0.0012342714341113145","7609","Metals"
"Aluminum structures (bridges, towers etc)","22574924","0.04774227255589451","7610","Metals"
"Aluminum containers, >300 liters","373976","0.0007908980832610204","7611","Metals"
"Aluminum containers, <300 liters","36464416","0.07711627677078872","7612","Metals"
"Aluminum containers for compressed or liquefied gas","242298","0.0005124206467205882","7613","Metals"
"Aluminum wire, not insulated","4106106","0.008683742713614176","7614","Metals"
"Household articles of aluminum","18107770","0.03829497236488814","7615","Metals"
"Other articles of aluminum","39208900","0.08292041162206404","7616","Metals"
"Lead refined unwrought","152433","0.0003223708674506576","7801","Metals"
"Lead foil <2mm","1892748","0.00400285249667393","7804","Metals"
"Other articles of lead","339142","0.0007172298697063688","7806","Metals"
"Unwrought zinc","27401298","0.057949264303228096","7901","Metals"
"Zinc powders","883318","0.0018680731199594573","7903","Metals"
"Zinx bars and wire","1105979","0.0023389647229419535","7904","Metals"
"Zinc plates and foil","1436198","0.0030373239068370987","7905","Metals"
"Other articles of zinc","1947945","0.004119585125243032","7907","Metals"
"Unwrought tin","1085723","0.002296126595429666","8001","Metals"
"Tin bars and wire","1359639","0.0028754141416212015","8003","Metals"
"Other articles of tin","279213","0.0005904898349668409","8007","Metals"
"Tungsten (wolfram)","316250","0.0006688170332622887","8101","Metals"
"Molybdenum","11064","0.000023398550690953242","8102","Metals"
"Tantalum","1666","0.000003523317557043393","8103","Metals"
"Magnesium","188183","0.0003979762712107424","8104","Metals"
"Cobalt","2034468","0.004302567121034188","8105","Metals"
"Bismuth","37743","0.00007982027284243024","8106","Metals"
"Cadmium","1201","0.000002539918599045087","8107","Metals"
"Titanium","4101129","0.008673217172508891","8108","Metals"
"Zirconium","294492","0.0006228024213738433","8109","Metals"
"Antimony","63984","0.0001353156966205669","8110","Metals"
"Manganese","8541","0.000018062818280136623","8111","Metals"
"Other metals","7794","0.000016483035437932893","8112","Metals"
"Cermets","167067","0.0003533193843352752","8113","Metals"
"Handtools for gardening","5258894","0.011121700816824825","8201","Metals"
"Handsaws","6052358","0.012799747420715508","8202","Metals"
"Pliers, pincers and other metal handtools","5718384","0.012093447025879967","8203","Metals"
"Wrenches","5557749","0.0117537302697121","8204","Metals"
"Hand tools n.e.c.","23677670","0.05007440001253279","8205","Metals"
"Retail tool sets","2030211","0.004293564262186449","8206","Metals"
"Interchangeable tools for hand tools","50325220","0.10642961055706561","8207","Metals"
"Knives and blades for machines","5753814","0.012168375681970031","8208","Metals"
"Articles for utensils, of cermet","1653886","0.0034976984280601854","8209","Metals"
"Hand-operated appliances, food preparation, <10kg","1682079","0.003557322012625446","8210","Metals"
"Knife sets","3998784","0.008456774234108167","8211","Metals"
"Razors","15819891","0.03345648241945544","8212","Metals"
"Scissors","2654914","0.005614708948763687","8213","Metals"
"Other cutlery","3745065","0.007920200040077258","8214","Metals"
"Cutlery","6394168","0.01352261967412067","8215","Metals"
"Padlocks and locks","48512936","0.10259692626201829","8301","Metals"
"Base metal mountings, fittings and similar articles","118048688","0.2496536704779938","8302","Metals"
"Safes","2808088","0.005938646910037736","8303","Metals"
"Paper trays and similar office equipment, of base metal","337139","0.0007129938522593351","8304","Metals"
"Paper clips and similar office articles, of metal","1379722","0.0029178864024243844","8305","Metals"
"Ornaments, statuettes, etc. of metal","4294062","0.009081238916946498","8306","Metals"
"Flexible tubing of base metal","2951903","0.006242792116800157","8307","Metals"
"Clasps, buckles etc. of metal","24277230","0.05134237136577466","8308","Metals"
"Stoppers, caps and lids of metal","69351880","0.14666788500478184","8309","Metals"
"Sign plates and similar plates of base metal","1237140","0.002616348789028009","8310","Metals"
"Wire etc. used for welding","9355741","0.019785862259574256","8311","Metals"
"Nuclear reactors and related equipment","47755","0.00010099401556819161","8401","Machinery"
"Steam boilers","10394090","0.021981800592130347","8402","Machinery"
"Central heating boilers","8361452","0.017683103621834086","8403","Machinery"
"Auxiliary parts for use with boilers","4705097","0.009950510724905279","8404","Machinery"
"Water gas generators","1994340","0.004217702963213638","8405","Machinery"
"Steam turbines","16914322","0.03577102501085553","8406","Machinery"
"Spark-ignition reciprocating internal combustion piston engines","395521696","0.8364637069077908","8407","Machinery"
"Compression-ignition internal combustion piston engines","185540768","0.3923883826180761","8408","Machinery"
"Parts suitable for use with spark-ignition engines","58468932","0.12365222968618021","8409","Machinery"
"Hydraulic turbines, water wheels and regulators","8680912","0.01835870928016127","8410","Machinery"
"Gas turbines","264535376","0.5594490604561076","8411","Machinery"
"Other engines and motors","57506496","0.1216168349344812","8412","Machinery"
"Pumps for liquids","235272080","0.4975619748776217","8413","Machinery"
"Pumps, compressors, fans, etc.","115192328","0.2436129361819335","8414","Machinery"
"Air conditioners","132440328","0.2800896355960298","8415","Machinery"
"Furnace burners","6161546","0.01303066218507232","8416","Machinery"
"Industrial furnaces","24811200","0.052471630595027026","8417","Machinery"
"Refrigerators, freezers","155889168","0.32968009757940403","8418","Machinery"
"Equipment for temperature change of materials","103512880","0.2189128136159219","8419","Machinery"
"Calendering or other rolling machines, other than for metals or glass","1465256","0.003098776824947883","8420","Machinery"
"Centrifuges","174201920","0.3684085733533425","8421","Machinery"
"Dish washing machines","83791496","0.1772053115172456","8422","Machinery"
"Weighing machinery","12379704","0.02618104949231712","8423","Machinery"
"Sprays and powder dispersers","100523576","0.2125909245003516","8424","Machinery"
"Pulleys and winches","18739068","0.0396300643979772","8425","Machinery"
"Ships' derricks; cranes","108276744","0.22898760693558992","8426","Machinery"
"Fork-lift trucks","35455136","0.07498181461954456","8427","Machinery"
"Other lifting machinery","121478360","0.25690686589966255","8428","Machinery"
"Self-propelled bulldozers, excavators and road rollers","76479280","0.1617411704526036","8429","Machinery"
"Other moving, excavating or boring machinery","20599678","0.043564950280216404","8430","Machinery"
"Parts for use with hoists and excavation machinery","97549016","0.20630021653367758","8431","Machinery"
"Machinery for soil preparation or cultivation","10390575","0.021974366941942467","8432","Machinery"
"Harvesting or agricultural machinery","15720673","0.03324665257469269","8433","Machinery"
"Dairy machinery","5122802","0.01083388849211105","8434","Machinery"
"Machines for wine and juice production","415957","0.0008796810330582825","8435","Machinery"
"Other agricultural machinery","18663872","0.0394710371548683","8436","Machinery"
"Machinery for processing grain","7913748","0.016736282875400382","8437","Machinery"
"Machinery for the industrial preparation of food or drink","58222444","0.12313094787465531","8438","Machinery"
"Machinery for making paper","7138320","0.01509637946206122","8439","Machinery"
"Bookbinding machinery","1741921","0.003683878056592187","8440","Machinery"
"Other machinery for making paper","18653510","0.03944912321937845","8441","Machinery"
"Machinery for making printing components","3385723","0.007160250473700856","8442","Machinery"
"Printers and copiers","63386880","0.13405288546830893","8443","Machinery"
"Machines to extrude, cut manmade textile fibres","4294582","0.009082338631910282","8444","Machinery"
"Machines for preparing textile fibers","2485582","0.005256599459826549","8445","Machinery"
"Looms","4719318","0.009980585814328277","8446","Machinery"
"Knitting machines","12195539","0.025791570634038065","8447","Machinery"
"Auxiliary machinery for use with knitting and textile machines","7365584","0.015577005657309663","8448","Machinery"
"Machinery to manufacture felt","11271740","0.02383788681898457","8449","Machinery"
"Household- or laundry-type washing machines","78130360","0.16523293464953231","8450","Machinery"
"Machinery for processing fabrics","17864394","0.03778027192445417","8451","Machinery"
"Sewing machines","19948076","0.04218691860746455","8452","Machinery"
"Machinery for preparing leather","2470119","0.005223897743509285","8453","Machinery"
"Machines used in metallurgy","29794532","0.06301056284483265","8454","Machinery"
"Metal-rolling mills","9699651","0.020513175669563927","8455","Machinery"
"Machines for working materials by laser and similar means","14456253","0.03057261104679545","8456","Machinery"
"Machining centers for working metal","9922553","0.02098457694813541","8457","Machinery"
"Lathes for removing metal","19709180","0.041681692634410863","8458","Machinery"
"Machine tools for drilling by removing metal","5093371","0.010771646739997396","8459","Machinery"
"Machines with grinding stones for finishing metal","3876375","0.008197899216797167","8460","Machinery"
"Other machine tools for planing and cutting metals","2576874","0.0054496671107374765","8461","Machinery"
"Machine tools for molding and forging metals","45135248","0.09545366849934435","8462","Machinery"
"Other machine tools for working metal, without removal","14009848","0.02962853747293473","8463","Machinery"
"Machine tools for working stone","10225719","0.02162572346103974","8464","Machinery"
"Machine tools for working wood","17194898","0.03636439736792936","8465","Machinery"
"Parts and accessories for metal working machines","42769960","0.09045147117769725","8466","Machinery"
"Tools for hand working, pneumatic, hydraulic motors","9176691","0.019407200789833184","8467","Machinery"
"Machinery for soldering","2278614","0.004818895985549143","8468","Machinery"
"Cash registers, calculators, etc.","6728669","0.014230034587775275","8470","Machinery"
"Computers","155562848","0.32898998414290076","8471","Machinery"
"Other office machines","11411010","0.024132420093996236","8472","Machinery"
"Parts and accessories for office machines","128654464","0.2720831523428614","8473","Machinery"
"Machinery for working minerals","71846648","0.1519439113524109","8474","Machinery"
"Machines for assembling electric lamps","2055465","0.004346972342369866","8475","Machinery"
"Automatic goods-vending machines","998962","0.0021126412685589326","8476","Machinery"
"Machinery for working rubber or plastics","96965168","0.20506547349103374","8477","Machinery"
"Machinery for preparing tobacco","263009","0.0005562210248261859","8478","Machinery"
"Machines n.e.c.","256678448","0.5428329425888653","8479","Machinery"
"Molding boxes for metal foundry","124299744","0.26287363167538963","8480","Machinery"
"Appliances for thermostatically controlled valves","200993024","0.42506737713231935","8481","Machinery"
"Ball or roller bearings","34672732","0.07332715810699897","8482","Machinery"
"Transmission shafts","60484588","0.12791501250356307","8483","Machinery"
"Gaskets and similar joints of metal sheeting","6171412","0.013051527161673637","8484","Machinery"
"Machinery parts, not containing electrical features, n.e.c.","19416150","0.041061982103954425","8485","Machinery"
"Electric motors and generators","94241064","0.1993044390069928","8501","Electronics"
"Electric generating sets and rotary converters","40181308","0.0849768955230301","8502","Electronics"
"Parts for use with electric generators","17463620","0.03693270045350188","8503","Electronics"
"Electrical transformers","121748520","0.2574782101200772","8504","Electronics"
"Electromagnets","11000134","0.023263484545035993","8505","Electronics"
"Primary cells and primary batteries","4754414","0.010054808115037759","8506","Electronics"
"Batteries","71753720","0.151747383829037","8507","Electronics"
"Vacuum cleaners","14436110","0.03053001189580414","8508","Electronics"
"Electromechanical domestic appliances","53772024","0.11371903735711807","8509","Electronics"
"Electric shavers and hair clippers","11090704","0.023455025284016436","8510","Electronics"
"Electrical ignition equipment","57705784","0.12203829646467809","8511","Electronics"
"Electrical lighting equipment used for motor vehicles","77205776","0.16327759068785078","8512","Electronics"
"Portable electric lamps","5772242","0.012207347888417328","8513","Electronics"
"Industrial electric furnaces","33562272","0.07097871680184026","8514","Electronics"
"Electric soldering machines","58211592","0.12310799766929574","8515","Electronics"
"Electric heaters","81077848","0.17146638976332262","8516","Electronics"
"Telephones","40888948","0.08647343840182133","8517","Electronics"
"Microphones","31850932","0.06735951255930085","8518","Electronics"
"Sound reproducing apparatus","690073","0.0014593915465435806","8519","Electronics"
"Magnetic tape recorders","1203007","0.002544163075837996","8520","Electronics"
"Video recording apparatus","35592204","0.07527169102465191","8521","Electronics"
"Parts and accessories for video or sound equipment","876476","0.0018536034088398347","8522","Electronics"
"Sound storage media","13094765","0.027693286572543413","8523","Electronics"
"Tapes, cassettes, records and compact disks","3291662","0.006961326840607784","8524","Electronics"
"Transmission apparatus for radio, telephone and TV","588381120","1.2443298501373683","8525","Electronics"
"Radar","23690172","0.0501008396980659","8526","Electronics"
"Reception apparatus for radio broadcasting","35952228","0.07603308290950003","8527","Electronics"
"Monitors and projectors","201106224","0.4253067766205891","8528","Electronics"
"Parts of radios, telephones, and T.V.s","30685750","0.06489534317289573","8529","Electronics"
"Electric signal and traffic controls","8047932","0.01702006009213166","8530","Electronics"
"Electric sound or visual signaling apparatus","19582668","0.04141414044306832","8531","Electronics"
"Electrical capacitors","31421490","0.06645131295646063","8532","Electronics"
"Electrical resistors","14896891","0.03150448835874052","8533","Electronics"
"Electronic printed circuits","52236852","0.1104723996256166","8534","Electronics"
"Electrical apparatus for > 1k volts","22740730","0.048092925131442615","8535","Electronics"
"Electrical apparatus for < 1k volts","595941056","1.2603178784920648","8536","Electronics"
"Electrical boards","110727824","0.2341712403075695","8537","Electronics"
"Parts for electrical apparatus","261303568","0.5526143150375042","8538","Electronics"
"Electrical filament","22340826","0.047247193568218195","8539","Electronics"
"Thermionic, cold cathode or photocathode tubes","956287","0.0020223906222523137","8540","Electronics"
"Semiconductor devices","174886464","0.36985627196904997","8541","Electronics"
"Electronic integrated circuits","221877152","0.4692338926460897","8542","Electronics"
"Electrical machines with individual functions n.e.c.","50193524","0.10615109505346873","8543","Electronics"
"Insulated electrical wire","452323392","0.9565900050990521","8544","Electronics"
"Carbon articles for eletrical purposes","8326824","0.01760987106459201","8545","Electronics"
"Electrical insulators of any material","7964448","0.01684350508436923","8546","Electronics"
"Insulating fittings for electrical machines","194740528","0.4118443705704084","8547","Electronics"
"Waste and scrap of batteries","5282266","0.011171128774773935","8548","Electronics"
"Electric trains","82261296","0.17396918875266712","8601","Vehicles"
"Self-propelled railway coaches","18966266","0.040110551014018704","8603","Vehicles"
"Railway service vehicles","3064887","0.006481734800392588","8604","Vehicles"
"Railway cars, not self-propelled","987820","0.002089077760623412","8606","Vehicles"
"Parts of railway locomotives","26217640","0.05544602119822517","8607","Vehicles"
"Railway track fixtures","1976353","0.004179663399649087","8608","Vehicles"
"Containers for multimodal transportation","2344496","0.004958225641787519","8609","Vehicles"
"Tractors","176898096","0.37411054468448235","8701","Vehicles"
"Buses","87825408","0.1857363757268303","8702","Vehicles"
"Cars","1204163456","2.546608791161374","8703","Vehicles"
"Motor vehicles for transporting goods","271213376","0.5735719383948447","8704","Vehicles"
"Special purpose motor vehicles","37261468","0.07880191140792951","8705","Vehicles"
"Vehicle chassis fitted with engines","30480066","0.06446035514864429","8706","Vehicles"
"Vehicle Bodies","210398752","0.4449589537224602","8707","Vehicles"
"Parts of motor vehicles","1233947392","2.609596945198983","8708","Vehicles"
"Work trucks","3643500","0.00770540667412221","8709","Vehicles"
"Tanks and other armored fighting vehicles","20270396","0.04286857269809253","8710","Vehicles"
"Motorcycles","118885056","0.2514224520257425","8711","Vehicles"
"Bicycles","8843747","0.018703078676560524","8712","Vehicles"
"Wheelchairs","1848634","0.0039095586006886885","8713","Vehicles"
"Parts of motorcycles or wheelchairs","31882526","0.06742632870269655","8714","Vehicles"
"Baby carriages","3316574","0.007014011646718868","8715","Vehicles"
"Trailers and semi-trailers","45507248","0.096240387665743","8716","Vehicles"
"Gliders, hang gliders","81203","0.0001717310657770676","8801","Vehicles"
"Other aircraft and spacecraft","22110268","0.04675960110164148","8802","Vehicles"
"Parts of other aircraft","276444160","0.5846341911585311","8803","Vehicles"
"Parachutes","98887","0.00020912983389156662","8804","Vehicles"
"Aircraft launching gear","1317328","0.0027859332957892308","8805","Vehicles"
"Cargo ships and similar vessels","7142036","0.015104238194379331","8901","Vehicles"
"Fishing vessels","19206780","0.04061919879247893","8902","Vehicles"
"Pleasure or sport boats","25804280","0.0545718323954764","8903","Vehicles"
"Tugs and pusher craft","12294435","0.026000719501457853","8904","Vehicles"
"Special function vessels, n.e.c.","27634346","0.05844212271261215","8905","Vehicles"
"Other vessels","38641848","0.08172118937275037","8906","Vehicles"
"Other floating structures","1739200","0.0036781235865605455","8907","Vehicles"
"Floating structures for scrapping","36885","0.0000780057431521882","8908","Vehicles"
"Optical fibers","29091882","0.0615245730000208","9001","Machinery"
"Lenses and other optical elements","3856262","0.00815536351089992","9002","Machinery"
"Frames for spectacles, goggles","5255137","0.011113755376211492","9003","Machinery"
"Glasses","9536003","0.020167086911115528","9004","Machinery"
"Binoculars and telescopes","5710362","0.012076481807727146","9005","Machinery"
"Photographic cameras","1593658","0.0033703260572164823","9006","Machinery"
"Cinematographic cameras and projectors","876910","0.0018545212478672999","9007","Machinery"
"Still image projectors","96832","0.00020478384494815476","9008","Machinery"
"Electrostatic photo-copyers","4643932","0.009821156752290297","9009","Machinery"
"Apparatus and equipment for photographic laboratories, n.e.c.","3227159","0.0068249135438599035","9010","Machinery"
"Optical microscopes","3956213","0.008366743530794305","9011","Machinery"
"Microscopes, other than optical","731982","0.001548022228115088","9012","Machinery"
"Liquid crystal devices","7513866","0.01589059783857828","9013","Machinery"
"Navigational instruments","10153918","0.021473876087742455","9014","Machinery"
"Surveying instruments","10008396","0.02116612085512777","9015","Machinery"
"Balances of a sensitivity < 50 milligram","922568","0.0019510804513603894","9016","Machinery"
"Drafting tables and machines","6776657","0.014331521360240702","9017","Machinery"
"Medical instruments","162367504","0.3433807188094318","9018","Machinery"
"Therapy applicances","49371984","0.10441367230087965","9019","Machinery"
"Other breathing appliances and gas masks","2249323","0.004756950310541126","9020","Machinery"
"Orthopedic appliances","37859132","0.0800658730312265","9021","Machinery"
"X-ray machines","63450000","0.13418637394622046","9022","Machinery"
"Instruments designed for demonstrational purposes","9322139","0.01971479952454918","9023","Machinery"
"Machines for testing the mechanical properties of materials","5774060","0.012211192661117629","9024","Machinery"
"Thermometers, hydrometers etc.","11141058","0.023561515759567074","9025","Machinery"
"Instruments for measuring properties of liquids or gases","36979216","0.07820499458493395","9026","Machinery"
"Instruments for physical or chemical analysis","66106220","0.13980384487141242","9027","Machinery"
"Gas, liquid or electricity meters","12904206","0.02729028544988277","9028","Machinery"
"Meters","11187694","0.023660143273126665","9029","Machinery"
"Instruments for measuring electricity","27622650","0.05841738758527291","9030","Machinery"
"Measuring instruments","81928568","0.17326552344407173","9031","Machinery"
"Automatic regulating instruments","58316420","0.12332969174664854","9032","Machinery"
"Other parts for machines and appliances","12918350","0.02732019769689767","9033","Machinery"
"Watches with precious metal","8535539","0.018051269158180436","9101","Machinery"
"Watches","14506099","0.03067802718541993","9102","Machinery"
"Clocks with watch movements","220646","0.000466630207497837","9103","Machinery"
"Instrument panel clocks for vehicles","47457","0.00010036379430048517","9104","Machinery"
"Other clocks","3501638","0.00740539174298338","9105","Machinery"
"Apparatus for measuring intervals of time","746975","0.00157972997129201","9106","Machinery"
"Time switches","1601987","0.0033879405301652306","9107","Machinery"
"Watch movements, complete","67728","0.00014323364435980487","9108","Machinery"
"Clock movements, complete","146128","0.00030903682351478805","9109","Machinery"
"Clock movements, complete, unassembled","9298","0.00001966374948702849","9110","Machinery"
"Watch cases and parts","121557","0.00025707317663957","9111","Machinery"
"Clock cases","5838","0.00001234641530493357","9112","Machinery"
"Watch straps","159708","0.0003377563027612762","9113","Machinery"
"Other clock or watch parts","107160","0.0002266258759980612","9114","Machinery"
"Pianos","750838","0.0015878995845710368","9201","Machinery"
"Musical instruments, string","783567","0.0016571160673588357","9202","Machinery"
"Musical instruments, wind","455306","0.0009628977332696272","9205","Machinery"
"Musical instruments, percussion","121412","0.00025676652535159205","9206","Machinery"
"Musical instruments, electric","896275","0.0018954750560858746","9207","Machinery"
"Other musical instruments, n.e.c.","97200","0.00020556210476867817","9208","Machinery"
"Parts of musical instruments","251228","0.0005313061363870933","9209","Machinery"
"Military weapons, other than pistols and swords","1892614","0.004002569108587109","9301","Machinery"
"Revolvers and pistols","416792","0.0008814469215097417","9302","Machinery"
"Other firearms","884059","0.001869640213782848","9303","Machinery"
"Other arms (air guns, truncheons, etc.)","177901","0.00037623152263840134","9304","Machinery"
"Parts of military weapons","225391","0.0004766651065423573","9305","Machinery"
"Munitions of war","58404068","0.12351505293346711","9306","Machinery"
"Swords","3023","0.000006393150645223395","9307","Machinery"
"Seats","141980592","0.30026573382533894","9401","Textiles"
"Medical, dental or veterinary furniture","29663188","0.0627327917636728","9402","Textiles"
"Other furniture and parts","180159968","0.3810088705466842","9403","Textiles"
"Mattresses and bedding","18179932","0.03844758319415066","9404","Textiles"
"Lamps","138702208","0.29333248778336407","9405","Textiles"
"Prefabricated buildings","11429699","0.02417194427276189","9406","Textiles"
"Toys","83653272","0.17691299036118033","9503","Machinery"
"Games","6506747","0.013760705848943233","9504","Machinery"
"Christmas and other festivity articles","3258876","0.006891989812141263","9505","Machinery"
"Sports equipment","37317556","0.07892052835579232","9506","Machinery"
"Fishing and hunting equipment","4300404","0.009094651209831713","9507","Machinery"
"Fairground amusements","903626","0.0019110212189681229","9508","Machinery"
"Worked animal carving material","128983","0.0002727779522569796","9601","Machinery"
"Worked vegetable or mineral carving material","2659636","0.005624695206569425","9602","Machinery"
"Brooms and mops","23957936","0.05066711677030129","9603","Machinery"
"Hand sieves and riddles","411018","0.0008692358557388122","9604","Machinery"
"Travel sets","293775","0.0006212860836257039","9605","Machinery"
"Buttons","39225528","0.08295557712286747","9606","Machinery"
"Slide fasteners","22802470","0.04822349513502716","9607","Machinery"
"Pens","15145081","0.03202936962193536","9608","Machinery"
"Pencils, crayons, pastels, etc.","5203997","0.011005602639196366","9609","Machinery"
"Slates and boards, with writing or drawing surfaces","3577094","0.007564968843574177","9610","Machinery"
"Hand-operated stamps","621144","0.0013136179835847306","9611","Machinery"
"Typewriter ribbons and ink pads","4626942","0.009785225680685157","9612","Machinery"
"Cigarette lighters","9429594","0.019942049277305543","9613","Machinery"
"Smoking pipes","1970127","0.0041664964277942544","9614","Machinery"
"Combs, hair-slides etc.","3834425","0.008109181826930439","9615","Machinery"
"Scent sprays","5597828","0.011838490800545678","9616","Machinery"
"Vacuum vessels","4542944","0.009607583646977755","9617","Machinery"
"Mannequins","2986491","0.006315940080583481","9618","Machinery"
"Paintings and drawings","3727438","0.007882921817641483","9701","Textiles"
"Original engravings","83522","0.00017663537154824624","9702","Textiles"
"Sculptures","1239075","0.0026204409975951635","9703","Textiles"
"Postage or revenue stamps","7475","0.00001580840260438137","9704","Textiles"
"Collectors pieces","223861","0.0004734294067450726","9705","Textiles"
"Antiques >100 years","430227","0.000909859749468252","9706","Textiles"
"Commodities not specified according to kind","898587392","1.9003653870176673","9999","Other"
"Travel and tourism","1112779008","2.3533456278485776","travel","Services"
"Transport","2814889472","5.95303091106495","transport","Services"
"ICT","2859015424","6.046350083575666","ict","Services"
"Insurance and finance","301482208","0.6375855681768355","financial","Services"