"Name","Gross Export","Share","Code","Sector"
"Horses","102177","0.00024231539705122526","0101","Agriculture"
"Fowl","349643","0.0008291874137152349","0105","Agriculture"
"Other live animals","12229960","0.029003666317474606","0106","Agriculture"
"Beef","78441","0.0001860248594115619","0201","Agriculture"
"Beef (frozen)","41352","0.00009806733706080886","0202","Agriculture"
"Pork","32666","0.00007746826350426539","0203","Agriculture"
"Lamb","4696","0.000011136685404274482","0204","Agriculture"
"Edible offal","22023","0.00005222811385398998","0206","Agriculture"
"Poultry","2958672","0.007016567137656642","0207","Agriculture"
"Preserved meat","107131","0.0002540639361254961","0210","Agriculture"
"Live Fish","3863464","0.009162304756971872","0301","Agriculture"
"Fish, excluding fillets","91863664","0.217857054099654","0302","Agriculture"
"Frozen fish, excluding fillets","267689200","0.634831858288312","0303","Agriculture"
"Fish fillets","65819144","0.15609180159851796","0304","Agriculture"
"Preserved fish","11531656","0.027347620328431486","0305","Agriculture"
"Crustaceans","65864152","0.15619853923409627","0306","Agriculture"
"Molluscs","362508768","0.8596989151420623","0307","Agriculture"
"Milk","1118347","0.0026521888227883637","0401","Agriculture"
"Milk, concentrated","1645891","0.0039032730572246023","0402","Agriculture"
"Fermented milk products","1911196","0.0045324507235749096","0403","Agriculture"
"Whey","1613666","0.0038268506366213773","0404","Agriculture"
"Butter","121123","0.0002872463258564604","0405","Agriculture"
"Cheese","22962694","0.05445662246861611","0406","Agriculture"
"Eggs, in shell","16303359","0.03866383735433285","0407","Agriculture"
"Egg yolks","48764","0.00011564508668101383","0408","Agriculture"
"Honey","142143","0.00033709579928019334","0409","Agriculture"
"Edible animal products, n.e.c.","4200","0.000009960408581335782","0410","Agriculture"
"Human hair, unworked","1366","0.000003239504314786828","0501","Agriculture"
"Animal guts, except fish","90156224","0.21380781599772167","0504","Agriculture"
"Feathers and down","2525","0.000005988102778064963","0505","Agriculture"
"Bones, simply prepared","5045","0.000011964347926866431","0506","Agriculture"
"Whalebone & horns","4909","0.000011641820410899368","0507","Agriculture"
"Coral and shells","41115","0.0000975052854337192","0508","Agriculture"
"Animal products n.e.c.","5709998","0.013541407875859559","0511","Agriculture"
"Flower bulbs","1365610","0.0032385794197042754","0601","Agriculture"
"Other live plants","21572932","0.051160765956517446","0602","Agriculture"
"Cut flowers","7445008","0.017656028945550843","0603","Agriculture"
"Other parts of plants","48388","0.00011475339296039899","0604","Agriculture"
"Potatoes","12177777","0.028879912983903216","0701","Agriculture"
"Tomatoes","880365568","2.0878097043380355","0702","Agriculture"
"Onions, shallots, garlic","28748738","0.06817837539947001","0703","Agriculture"
"Cabbages, cauliflowers, broccoli","12876525","0.030537011930424934","0704","Agriculture"
"Lettuce","2725858","0.006464442717786379","0705","Agriculture"
"Carrots & turnips","9820245","0.023288964897338046","0706","Agriculture"
"Cucumbers","6402960","0.015184785173797559","0707","Agriculture"
"Legumes","265488432","0.6296126800805193","0708","Agriculture"
"Other vegetables","256595456","0.6085227575890876","0709","Agriculture"
"Frozen vegetables","5850879","0.013875510809513648","0710","Agriculture"
"Vegetables, provisionally preserved","28223096","0.06693180180720561","0711","Agriculture"
"Vegetables, dried","1441058","0.003417506302238709","0712","Agriculture"
"Legumes, dried","2330929","0.005527858384305817","0713","Agriculture"
"Tubers","1032585","0.0024488020226091922","0714","Agriculture"
"Cashew nuts & coconuts","120095","0.00028480839727988586","0801","Agriculture"
"Other nuts","6635348","0.015735899323654573","0802","Agriculture"
"Bananas and plantains","556892","0.001320683775161249","0803","Agriculture"
"Avocados, pineapples, mangos, etc.","114270712","0.27099594771432134","0804","Agriculture"
"Citrus fruit","484020960","1.1478682198881864","0805","Agriculture"
"Grapes","16509517","0.039152746381073564","0806","Agriculture"
"Melons and papayas","246832160","0.5853688487175349","0807","Agriculture"
"Apples & pears","526536","0.0012486937363767182","0808","Agriculture"
"Peaches & cherries","5870922","0.013923043302179292","0809","Agriculture"
"Other fresh fruit","617126016","1.463530301317134","0810","Agriculture"
"Fruits and nuts, frozen","135532752","0.3214194252554415","0811","Agriculture"
"Fruits and nuts, provisionally preserved","176864","0.0004194375484117552","0812","Agriculture"
"Fruits, dried","15506369","0.036773754964990274","0813","Agriculture"
"Peel of citrus fruit or melons","826303","0.001959598926662738","0814","Agriculture"
"Coffee","3115968","0.007389598668182783","0901","Agriculture"
"Tea","15634042","0.03707653478518191","0902","Agriculture"
"Pepper","5583464","0.013241329223614144","0904","Agriculture"
"Vanilla","412508","0.0009782733864451573","0905","Agriculture"
"Cinnamon","17554","0.00004162976481827817","0906","Agriculture"
"Nutmeg","7543","0.000017888419506908522","0908","Agriculture"
"Anise, fennel, etc.","10263655","0.024340523175683308","0909","Agriculture"
"Spices","10319816","0.024473710439096737","0910","Agriculture"
"Wheat and meslin","11166","0.000026480457671236982","1001","Agriculture"
"Corn","154140","0.00036554699493502316","1005","Agriculture"
"Rice","426712","0.001011958539656894","1006","Agriculture"
"Grain sorghum","14829","0.000035167356869673404","1007","Agriculture"
"Other cereals","26896","0.00006378455933419219","1008","Agriculture"
"Wheat or meslin flour","680965","0.0016149261022831713","1101","Agriculture"
"Cereal flours","530176","0.0012573260904805428","1102","Agriculture"
"Cereal meals","1677088","0.003977257549251253","1103","Agriculture"
"Worked cereal grains","20698","0.000049085842099163806","1104","Agriculture"
"Potato flour","89145","0.00021140967213885198","1105","Agriculture"
"Flour of dried legumes","81020","0.0001921410245856726","1106","Agriculture"
"Starches","659941","0.0015650671427560275","1108","Agriculture"
"Soya beans","6463","0.000015327171585993607","1201","Agriculture"
"Peanuts","3762","0.000008921680257853622","1202","Agriculture"
"Linseed","8648","0.000020508955574140914","1204","Agriculture"
"Other oil seeds","356158","0.0008446379046455688","1207","Agriculture"
"Flours of oil seeds","2795","0.000006628414758293692","1208","Agriculture"
"Seeds used for sowing","5193883","0.012317427810393817","1209","Agriculture"
"Plants used in perfumery, pharmacy or insecticide","51617104","0.12241129657745273","1211","Agriculture"
"Seaweeds & edible vegetable products","100945400","0.23939462581104115","1212","Agriculture"
"Forage products","4158","0.000009860804495522424","1214","Agriculture"
"Lac","231023","0.00054787701706808","1301","Agriculture"
"Vegetable saps and extracts","58482560","0.13869290297202017","1302","Agriculture"
"Vegetable materials used for plaiting","96979","0.00022998820566889588","1401","Agriculture"
"Vegetable products n.e.c.","575297","0.0013643317084801741","1404","Agriculture"
"Lard oil, tallow oil etc.","164557","0.00039025117974258864","1503","Agriculture"
"Fish oils","69028264","0.16370231264293136","1504","Agriculture"
"Other animal fats and oils","12487","0.00002961324332265236","1506","Agriculture"
"Soybean oil","24615942","0.05837734284153902","1507","Agriculture"
"Peanut oil","6731","0.000015962740514516938","1508","Agriculture"
"Olive oil","35269560","0.08364267335331839","1509","Agriculture"
"Olive oil, blended","6898384","0.016359695997845106","1510","Agriculture"
"Palm oil","461063","0.001093422824222957","1511","Agriculture"
"Sunflower seed oil","28997182","0.06876756676841797","1512","Agriculture"
"Coconut & palm kernel oil","7398","0.00001754454825826717","1513","Agriculture"
"Rapeseed, colza or mustard oil,","22354","0.000053013088911233345","1514","Agriculture"
"Other vegetable fats and oils","32915258","0.07805938529525744","1515","Agriculture"
"Vegetable fats, hydrogenated","1587236","0.003764171208334543","1516","Agriculture"
"Margarine","3603583","0.008545990246846604","1517","Agriculture"
"Animal or vegetable fats and oils, processed","3126720","0.007415097314151003","1518","Agriculture"
"Stearic acid","6476462","0.015359097067022643","1519","Agriculture"
"Glycerol","21244","0.00005038069521473746","1520","Agriculture"
"Vegetable waxes and beeswax","23345","0.00005536327103125805","1521","Agriculture"
"Sausages","284949","0.0006757639202007261","1601","Agriculture"
"Other prepared or preserved meat","673312","0.001596776814932466","1602","Agriculture"
"Extracts and juices of meat or fish","1369","0.000003246618892344925","1603","Agriculture"
"Prepared or preserved fish","698923392","1.6575148931840742","1604","Agriculture"
"Prepared aquatic invertibrates","528109088","1.252424355237289","1605","Agriculture"
"Sugarcane & sucrose","163635312","0.38806537282246617","1701","Agriculture"
"Other sugars","251243","0.0005958292698096537","1702","Agriculture"
"Molasses","12749787","0.030236449486905567","1703","Agriculture"
"Confectionery sugar","14503651","0.03439578330502364","1704","Agriculture"
"Cocoa beans","1020","0.0000024189563697529755","1801","Agriculture"
"Cocoa paste","614252","0.0014567144980720634","1803","Agriculture"
"Cocoa butter","1198","0.0000028410879715333964","1804","Agriculture"
"Cocoa powder","2549","0.0000060450193985297395","1805","Agriculture"
"Chocolates","3849639","0.009129518412058307","1806","Agriculture"
"Malt extract","1921655","0.0045572545124682885","1901","Agriculture"
"Pasta","53275176","0.12634345719108905","1902","Agriculture"
"Cereal foods","620181","0.0014707752748527158","1904","Agriculture"
"Bakery products","8491386","0.02013754142424631","1905","Agriculture"
"Pickled fruits and vegetables","19781414","0.04691213470394185","2001","Agriculture"
"Tomatoes, prepared or preserved","7276628","0.017256711422473387","2002","Agriculture"
"Mushrooms, prepared or preserved","242333","0.0005746989744621056","2003","Agriculture"
"Other vegetables, frozen","1114834","0.002643857652467832","2004","Agriculture"
"Other vegetables, prepared or preserved","126440944","0.29985796753566596","2005","Agriculture"
"Vegetables, fruits and nuts, preserved by sugar","145752","0.000345654636082584","2006","Agriculture"
"Jams, jellies and marmalades","643327","0.0015256666122392868","2007","Agriculture"
"Fruits and nuts, otherwise prepared","23096666","0.054774340530153905","2008","Agriculture"
"Fruit juices","4873115","0.011556718205675266","2009","Agriculture"
"Coffee extracts","29721752","0.07048590325550808","2101","Agriculture"
"Yeasts","9757578","0.02314034848672696","2102","Agriculture"
"Sauces and seasonings","960957","0.002278934368832069","2103","Agriculture"
"Soups and broths","5882918","0.01395149212630827","2104","Agriculture"
"Food preparations n.e.c.","31058664","0.0736564246262916","2106","Agriculture"
"Waters","171919","0.0004077103530701586","2201","Agriculture"
"Waters, flavored or sweetened","11953661","0.02834841609589973","2202","Agriculture"
"Beer","5510878","0.013069189648070136","2203","Agriculture"
"Wine","6407968","0.015196661775267878","2204","Agriculture"
"Ethyl alcohol > 80%","1389","0.0000032940494093989048","2207","Agriculture"
"Spirits < 80% alcohol","871987","0.002067939713717439","2208","Agriculture"
"Vinegars","1075761","0.002551195022825324","2209","Agriculture"
"Flours of fish, for animal feed","156747024","0.3717296197496299","2301","Agriculture"
"Starch residues","23603","0.000055975124701254394","2303","Agriculture"
"Solid soybean residues","50250","0.00011916917409812452","2304","Agriculture"
"Solid vegetable oil and fat residues","575983","0.0013659585752151255","2306","Agriculture"
"Vegetable materials for animal feeding","1466","0.0000034766569000567275","2308","Agriculture"
"Animal feed","19434630","0.04608972748263948","2309","Agriculture"
"Cigars and cigarettes","20447856","0.04849261913626627","2402","Agriculture"
"Other manufactured tobacco","664163","0.0015750797249061228","2403","Agriculture"
"Salt","5416836","0.012846166613830616","2501","Minerals"
"Sulphur, crude","35932","0.0000852136669391803","2503","Minerals"
"Natural graphite","3763","0.00000892405178370632","2504","Minerals"
"Natural sands","2965276","0.007032228694387866","2505","Minerals"
"Quartz","446641","0.001059220678375332","2506","Minerals"
"Kaolin","3581731","0.008494167663913426","2507","Minerals"
"Clays","6449094","0.015294193147485976","2508","Minerals"
"Chalk","24121","0.00005720357509295247","2509","Minerals"
"Natural calcium phosphates","778018816","1.8450917360302628","2510","Minerals"
"Natural barium sulfate","36238588","0.08594074830730758","2511","Minerals"
"Natural abrasives","41238","0.00009779698311360118","2513","Minerals"
"Marble","7689174","0.018235074926900945","2515","Minerals"
"Granite","49417","0.00011719369306282626","2516","Minerals"
"Gravel","462209","0.00109614059285015","2517","Minerals"
"Natural magnesia","3750","0.000008893221947621233","2519","Minerals"
"Gypsum","23058262","0.05468326445130685","2520","Minerals"
"Limstone","162296","0.0003848891597896362","2521","Minerals"
"Quicklime","1565134","0.0037117557439381894","2522","Minerals"
"Cements","44653884","0.10589784032942204","2523","Minerals"
"Asbestos","9261","0.000021962700921845397","2524","Minerals"
"Natural steatite","3574","0.00000847583339754621","2526","Minerals"
"Feldspar","25601822","0.0607153827491979","2529","Minerals"
"Mineral substances n.e.c.","1588152","0.0037663435260156153","2530","Minerals"
"Iron ores and concentrates","395425","0.0009377606103035003","2601","Minerals"
"Manganese > 47% by weight","16323524","0.038711659173152516","2602","Minerals"
"Copper ore","96104304","0.2279138414916435","2603","Minerals"
"Cobalt ore","1296","0.000003073497505097898","2605","Minerals"
"Lead ore","58549044","0.13885057149681101","2607","Minerals"
"Zinc ore","31827440","0.07547959678522612","2608","Minerals"
"Chromium ore","14150","0.00003355709081569079","2610","Minerals"
"Titanium ore","23703","0.00005621227728652429","2614","Minerals"
"Precious metal ores","3745452","0.008882436248043158","2616","Minerals"
"Other ores","2276201","0.005398069517439306","2617","Minerals"
"Iron or steel slag","905422","0.0021472316806024298","2619","Minerals"
"Slag, ash and residues containing metals","6317430","0.014981948567616215","2620","Minerals"
"Other slag and ash","1580","0.000003747010847264413","2621","Minerals"
"Coal","8617","0.000020435438272707246","2701","Minerals"
"Peat","32858","0.0000779235964679836","2703","Minerals"
"Petroleum oils, refined","142916944","0.3389312274847346","2710","Minerals"
"Petroleum gases","6675758","0.015831732683362142","2711","Minerals"
"Petroleum jelly","10299","0.000024424344756946954","2712","Minerals"
"Petroleum coke","439761","0.001042904580508763","2713","Minerals"
"Bitumen and asphalt, natural","213111","0.0005053982459945357","2714","Minerals"
"Bituminous mixtures","41037","0.00009732030641720867","2715","Minerals"
"Electrical energy","7746107","0.01837009300827266","2716","Minerals"
"Iodine","5114","0.000012127983210702663","2801","Chemicals"
"Sulfur, sublimed or precipitated","23842","0.00005654191938004945","2802","Chemicals"
"Carbon","9465","0.000022446492195795993","2803","Chemicals"
"Silicon & rare gases","34941","0.0000828634848191556","2804","Chemicals"
"Rare-earth metals","31181","0.00007394654761300738","2805","Chemicals"
"Sulfiric acid, oleum","17279","0.00004097759520878594","2807","Chemicals"
"Sulfonitric acids","27948","0.00006627940453123153","2808","Chemicals"
"Phosphoric acid etc.","1059928192","2.5136471093325046","2809","Chemicals"
"Other inorganic acids","9099970","0.02158081411378528","2811","Chemicals"
"Halides of nonmetals","2931","0.000006950942274260756","2812","Chemicals"
"Sodium hydroxide","52207","0.00012381025019185646","2815","Chemicals"
"Zinc oxide or peroxide","712691","0.0016901651314858998","2817","Chemicals"
"Aluminum oxide","24019","0.00005696167945597717","2818","Chemicals"
"Chromium oxides and hydroxides","28212","0.00006690548735634405","2819","Chemicals"
"Manganese oxides","6320391","0.014988970655666057","2820","Chemicals"
"Iron oxides and hydroxides","425409","0.001008868441470827","2821","Chemicals"
"Titanium oxides","90252","0.00021403495125778973","2823","Chemicals"
"Lead oxides","208015","0.0004933129502491815","2824","Chemicals"
"Metal base oxides, n.e.c.","5592","0.000013261572568292784","2825","Chemicals"
"Hyopchlorites","234421","0.0005559354619155512","2828","Chemicals"
"Sulfites","12554","0.00002977213555478319","2832","Chemicals"
"Sulfates","154199","0.00036568691496033243","2833","Chemicals"
"Nitrites, nitrates","57999","0.00013754612793068905","2834","Chemicals"
"Phosphates","45353708","0.10755749103776126","2835","Chemicals"
"Carbonates","497519","0.0011798791707089515","2836","Chemicals"
"Silicates","275135","0.0006524897654823381","2839","Chemicals"
"Borates","1868","0.000004430010292841723","2840","Chemicals"
"Salts of oxometallic acids","3937","0.000009336697282075946","2841","Chemicals"
"Other salts of acids","31493","0.00007468646367904947","2842","Chemicals"
"Compounds of precious metals","2224","0.000005274273496402566","2843","Chemicals"
"Uranium","4176","0.000009903491960871005","2844","Chemicals"
"Hydrogen peroxide","147233","0.0003491668658704312","2847","Chemicals"
"Inorganic compounds, liquid or compressed air","4089","0.000009697169211686193","2851","Chemicals"
"Acyclic hydrocarbons","9175","0.000021758749698513282","2901","Chemicals"
"Halogenated derivatives of hydrocarbons","190036","0.0004506752869435063","2903","Chemicals"
"Acyclic alcohols","2712","0.000006431578112519676","2905","Chemicals"
"Cyclic alcohols","3149","0.000007467934910149137","2906","Chemicals"
"Phenols, phenol-alcohols","4677","0.000011091626413073203","2907","Chemicals"
"Ethers","13189","0.00003127805447124705","2909","Chemicals"
"Aldehydes","166044","0.00039377763868555203","2912","Chemicals"
"Ketones and quinones","17323","0.0000410819423463047","2914","Chemicals"
"Saturated acyclic monocarboxylic acids","45025","0.00010677795151777226","2915","Chemicals"
"Unsaturated acyclic monocarboxylic acids","186045","0.0004412105272653846","2916","Chemicals"
"Polycarboxylic acids","8156","0.000019342164854613005","2917","Chemicals"
"Carboxylic acids with additional oxygen function","4168714","0.00988621302350824","2918","Chemicals"
"Oxygen-function amino-compounds","1013","0.0000024023556887840826","2922","Chemicals"
"Quaternary ammonium salts and hydroxides","17114","0.00004058629344309061","2923","Chemicals"
"Isocyanates","2059138","0.0048832990012749045","2929","Chemicals"
"Organo-sulfur compounds","28265","0.00006703117822653711","2930","Chemicals"
"Other organo-inorganic compounds","22774","0.00005400912976936693","2931","Chemicals"
"Heterocyclic compounds with oxygen hetero-atom(s) only","269317","0.0006386922280713353","2932","Chemicals"
"Heterocyclic compounds with nitrogen hetero-atom(s) only","167013","0.0003960756472368174","2933","Chemicals"
"Nucleic acids and their salts","12653","0.00003000691661420039","2934","Chemicals"
"Vitamins","136537","0.00032380102534996277","2936","Chemicals"
"Hormones","195413","0.00046342698145346886","2937","Chemicals"
"Glycosides","12050312","0.02857762644108894","2938","Chemicals"
"Other sugars, chemically pure","8773","0.000020805396305728287","2940","Chemicals"
"Antibiotics","118908","0.0002819933960927322","2941","Chemicals"
"Heparin for therapeutic use","5245","0.000012438653097406232","3001","Chemicals"
"Serums and vaccines","5642095","0.013380374155883739","3002","Chemicals"
"Medicaments, not packaged","1579563","0.0037459744904667835","3003","Chemicals"
"Medicaments, packaged","45329608","0.10750033726471121","3004","Chemicals"
"Wadding, gauze and bandages","4392700","0.010417401613150877","3005","Chemicals"
"Pharmaceutical goods","464854","0.0011024132787305389","3006","Chemicals"
"Animal or vegetable fertilizers","1154","0.000002736740834014641","3101","Chemicals"
"Nitrogenous fertilizers","3506626","0.008316054214746469","3102","Chemicals"
"Phosphatic fertilizers","266949328","0.6330772327126238","3103","Chemicals"
"Potassic fertilizers","142065","0.0003369108202636828","3104","Chemicals"
"Mixed fertilizers","2919462400","6.923580557582657","3105","Chemicals"
"Vegetable tanning extracts","11579","0.000027459897848401667","3201","Chemicals"
"Synthetic tanning substances","19486","0.00004621155276569263","3202","Chemicals"
"Coloring matter of animal or vegetable origin","72646","0.00017228186709517123","3203","Chemicals"
"Synthetic organic coloring matter","5230588","0.012404474666817131","3204","Chemicals"
"Color lakes","11433","0.000027113655073907617","3205","Chemicals"
"Other coloring matter","413364","0.0009803034125750677","3206","Chemicals"
"Prepared pigments","36527","0.00008662472482153621","3207","Chemicals"
"Paints and varnishes, nonaqueous","10446860","0.024774998569527026","3208","Chemicals"
"Paints and varnishes, aqueous","3276224","0.007769649915232914","3209","Chemicals"
"Other paints and varnishes","54200","0.00012853670121628556","3210","Chemicals"
"Prepared driers","12986","0.000030796634723149156","3211","Chemicals"
"Pigments, nonaqueous","472812","0.0011212858814663173","3212","Chemicals"
"Glaziers' putty","2369078","0.005618329724060431","3214","Chemicals"
"Ink","302850","0.0007182166044898908","3215","Chemicals"
"Essential oils","36930432","0.08758147423934227","3301","Chemicals"
"Mixtures of odoriferous subtances","1701993","0.004036320400612721","3302","Chemicals"
"Perfumes","10759121","0.02551553360381667","3303","Chemicals"
"Make-up preparations","16787500","0.03981199025218439","3304","Chemicals"
"Hair products","9730657","0.02307650463924645","3305","Chemicals"
"Dental hygiene products","711767","0.001687973841598006","3306","Chemicals"
"Toiletries","6645003","0.015758796405762384","3307","Chemicals"
"Soap","11760889","0.027891252314223236","3401","Chemicals"
"Cleaning products","4776236","0.01132696715259164","3402","Chemicals"
"Lubricants","379652","0.0009003545330288791","3403","Chemicals"
"Artificial and prepared waxes","54358","0.000128911402301012","3404","Chemicals"
"Polishes and creams","105981","0.00025133668139489223","3405","Chemicals"
"Candles","350855","0.0008320617030487061","3406","Chemicals"
"Modeling pastes","137191","0.0003253520032576279","3407","Chemicals"
"Gelatin","14642","0.000034723881535218696","3503","Chemicals"
"Dextrins and other modified starches","146793","0.00034812339449524364","3505","Chemicals"
"Glues and adhesives","909080","0.002155906722171603","3506","Chemicals"
"Enzymes","141675","0.0003359859251811302","3507","Chemicals"
"Prepared explosives, except gunpowder","2977942","0.007062266440838152","3602","Chemicals"
"Detonators","434098","0.0010294746296049286","3603","Chemicals"
"Fireworks","10158","0.0000240899596117164","3604","Chemicals"
"Photographic plates","233019","0.0005526105826700673","3701","Chemicals"
"Chemical preparations for photographic uses","11910","0.00002824487290564504","3707","Chemicals"
"Artificial graphite","12957","0.00003072786047342088","3801","Chemicals"
"Activated carbon","374892","0.0008890660699700317","3802","Chemicals"
"Rosin and resin acids","27762","0.00006583830072262951","3806","Chemicals"
"Wood tar and oils","55542","0.0001317192889106076","3807","Chemicals"
"Insecticides, rodenticides, fungicides, etc.","2693635","0.006388025040234859","3808","Chemicals"
"Finishing agents","97737","0.0002317858222652417","3809","Chemicals"
"Pickling preparations for metal surfaces","21800","0.0000516992635888381","3810","Chemicals"
"Anti-knock","86310","0.00020468639634645033","3811","Chemicals"
"Stabilizers for rubber or plastic","357508","0.0008478394645467124","3812","Chemicals"
"Preparations for fire extinguishers","1138","0.000002698796420371457","3813","Chemicals"
"Organic composite solvents and thinners","566669","0.001343870183423087","3814","Chemicals"
"Catalytic preparations","77611","0.00018405649295382174","3815","Chemicals"
"Refractory cements","60851","0.0001443097196625866","3816","Chemicals"
"Hydraulic fluids","323338","0.0007668044261599879","3819","Chemicals"
"Antifreezing preparation","961711","0.002280722499325004","3820","Chemicals"
"Prepared culture media for micro-organisms","67470","0.00016000684928160123","3821","Chemicals"
"Diagnostic or laboratory reagents","387005","0.0009177923626237748","3822","Chemicals"
"Industrial monocarboxylic fatty acids","11277058","0.02674383458938603","3823","Chemicals"
"Polymers of ethylene","3452169","0.00818690803138604","3901","Chemicals"
"Polymers of propylene","2000020","0.004743099135915045","3902","Chemicals"
"Polymers of styrene","826035","0.0019589633577342144","3903","Chemicals"
"Polymers of vinyl chloride","2187693","0.005188170507268624","3904","Chemicals"
"Polymers of vinyl acetate","4125776","0.009784384446445051","3905","Chemicals"
"Acrylic polymers","1303352","0.003090932963166941","3906","Chemicals"
"Polyacetals","26160270","0.062039756618585955","3907","Chemicals"
"Polyamides","548508","0.0013008009024122206","3908","Chemicals"
"Amino-resins","2613464","0.006197897441098128","3909","Chemicals"
"Silicones in primary forms","75223","0.00017839328921757653","3910","Chemicals"
"Petroleum resins","40765","0.00009667525138527455","3911","Chemicals"
"Cellulose n.e.c.","25083","0.000059484982963248905","3912","Chemicals"
"Natural polymers","8747","0.000020743736633558115","3913","Chemicals"
"Plastic waste","1253875","0.002973596978552953","3915","Chemicals"
"Monofilament","4370302","0.010364284177102124","3916","Chemicals"
"Plastic tubes and fittings","41856720","0.0992642935891831","3917","Chemicals"
"Plastic floor coverings","234484","0.0005560848680442712","3918","Chemicals"
"Self-adhesive plastic sheets","1117480","0.0026501327098740735","3919","Chemicals"
"Other plates of plastics, noncellular and not reinforced","9929850","0.02354889598842312","3920","Chemicals"
"Other plastic plates, sheets etc.","16724823","0.03966335012631477","3921","Chemicals"
"Baths, sinks etc.","615206","0.0014589769337355382","3922","Chemicals"
"Packing lids","24357258","0.05776386704785943","3923","Chemicals"
"Plastic household articles","9033505","0.02142319064798564","3924","Chemicals"
"Plastic builders' ware","1050078","0.002490287124350456","3925","Chemicals"
"Other articles of plastic","93402480","0.22150639602620087","3926","Chemicals"
"Natural rubber","152130","0.0003607802279710982","4001","Chemicals"
"Synthetic rubber","223930","0.0005310557841948861","4002","Chemicals"
"Reclaimed rubber","4989","0.00001183154247911529","4003","Chemicals"
"Scrap of rubber","2994","0.000007100348402980793","4004","Chemicals"
"Compounded rubber","199210","0.00047243166511616694","4005","Chemicals"
"Unvulcanized rubber rods","138519","0.00032850138959001214","4006","Chemicals"
"Vulcanized rubber thread and cord","6025","0.000014288443262511448","4007","Chemicals"
"Vulcanized rubber plates","1635115","0.0038777174946359183","4008","Chemicals"
"Vulcanized rubber tubes","12079812","0.02864758645374356","4009","Chemicals"
"Conveyor belts of vulcanized rubber","151520","0.0003593335972009518","4010","Chemicals"
"New pneumatic tires of rubber","1058930","0.0025112798711985473","4011","Chemicals"
"Used pneumatic tires of rubber","8997","0.00002133661809673286","4012","Chemicals"
"Rubber inner tubes","49502","0.00011739527276030569","4013","Chemicals"
"Rubber hygenic or pharmeceutical items","34302","0.00008134807979928095","4014","Chemicals"
"Vulcanized rubber articles of apparel","1287254","0.003052756139990193","4015","Chemicals"
"Other articles of vulcanized rubber","74940256","0.177722754511881","4016","Chemicals"
"Hard rubber","5124","0.000012151698469229653","4017","Chemicals"
"Raw skins of sheep or lambs","1348","0.000003196816849438246","4102","Agriculture"
"Tanned hides of bovines or equines","9847091","0.023352630880379605","4104","Agriculture"
"Tanned sheepskins","7459056","0.01768934414072956","4105","Agriculture"
"Tanned skins of other animals","96677","0.00022927200486138078","4106","Agriculture"
"Bovine leather further prepared","42048","0.00009971791905428737","4107","Agriculture"
"Chamois leather","92447","0.00021924045050446405","4108","Agriculture"
"Patent leather","334921","0.0007942738101118002","4109","Agriculture"
"Waste of leather","2319","0.0000054995684524089705","4110","Agriculture"
"Saddlery and harnesses","11465236","0.027190103581295224","4201","Agriculture"
"Trunks or cases","35839936","0.08499533478307743","4202","Agriculture"
"Leather apparel","14552424","0.03451144973543733","4203","Agriculture"
"Other articles of leather","629696","0.0014933403433411466","4205","Agriculture"
"Other tanned furskins","187142","0.00044381209112579536","4302","Agriculture"
"Furskin apparel","149435","0.0003543889657980744","4303","Agriculture"
"Artificial fur","1309","0.0000031043273411829854","4304","Agriculture"
"Fuel wood","72279","0.0001714115171072307","4401","Agriculture"
"Wood charcoal","26073","0.0000618327935574209","4402","Agriculture"
"Wood in the rough","38681","0.00009173299150824985","4403","Agriculture"
"Wooden railway ties","3591","0.000008516149337042093","4406","Agriculture"
"Wood sawn lengthwise","137604","0.0003263314434347926","4407","Agriculture"
"Sheets for veneering for plywood","119311","0.0002829491210113698","4408","Agriculture"
"Wood shaped along its edges","215583","0.0005112606579024075","4409","Agriculture"
"Particle board and similar board","25432","0.00006031264548584085","4410","Agriculture"
"Fiberboard of wood","18470","0.00004380208249935045","4411","Agriculture"
"Plywood","15844665","0.037576032674854924","4412","Agriculture"
"Densified wood","32087","0.00007609515003555266","4413","Agriculture"
"Wooden frames","1130110","0.002680085081393662","4414","Agriculture"
"Packing boxes","912504","0.002164026826691244","4415","Agriculture"
"Casks, barrels, etc. of wood","13363","0.000031690699969616675","4416","Agriculture"
"Wooden tools","255345","0.000605557268857425","4417","Agriculture"
"Wood carpentry for construction","12354834","0.02929980823680454","4418","Agriculture"
"Wooden kitchenware","335245","0.0007950421844880747","4419","Agriculture"
"Wood marquetry, ornaments, etc.","951677","0.002256926608919022","4420","Agriculture"
"Other articles of wood","1313585","0.00311520078721761","4421","Agriculture"
"Natural cork, raw","5989948","0.014205316538322642","4501","Agriculture"
"Natural cork, debacked","180684","0.0004284967771690653","4502","Agriculture"
"Articles of natural cork","5918686","0.014036316863007606","4503","Agriculture"
"Agglomerated cork","52912","0.00012548217591800925","4504","Agriculture"
"Products of plaiting materials","339082","0.0008041417291848807","4601","Agriculture"
"Basketwork","7346418","0.01742222021173325","4602","Agriculture"
"Chemical woodpulp, soda or sulfate","272652","0.0006466012667900866","4703","Agriculture"
"Paper waste","2306738","0.005470488802403175","4707","Agriculture"
"Newsprint","166740","0.0003954282206790305","4801","Agriculture"
"Paper used for graphic purposes","105652","0.00025055644938935427","4802","Agriculture"
"Tissue","4109318","0.00974535387396133","4803","Agriculture"
"Uncoated kraft paper and paperboard","505971","0.0011999233072159635","4804","Agriculture"
"Other uncoated paper and paperboard","257973","0.000611789638798318","4805","Agriculture"
"Transparent paper","17804","0.00004222264628145291","4806","Agriculture"
"Uncoated composite paper","3035910","0.007199739051467408","4807","Agriculture"
"Corrugated paper and paperboard","6283060","0.01490043922405895","4808","Agriculture"
"Carbon paper","182592","0.000433021648496015","4809","Agriculture"
"Paper and paperboard, coated with kaolin","31398","0.00007446116872304307","4810","Agriculture"
"Cellulose wadding, coated","499934","0.0011856064056432196","4811","Agriculture"
"Filter blocks of paper pulp","18060","0.000042829756899743856","4812","Agriculture"
"Cigarette paper","1820","0.000004316177051912172","4813","Agriculture"
"Wallpaper","2924","0.000006934341593291863","4814","Agriculture"
"Letterstock","30651","0.00007268963891107691","4817","Agriculture"
"Toilet paper","2520984","0.005978578730240524","4818","Agriculture"
"Cardboard packing containers","66718840","0.15822545392208784","4819","Agriculture"
"Notebooks","1431971","0.0033959562468152335","4820","Agriculture"
"Paper labels","1926396","0.004568497916535934","4821","Agriculture"
"Bobbins, spools, cops of paper","6571","0.0000155832963780851","4822","Agriculture"
"Other paper cut to size","8827438","0.020934497430097516","4823","Agriculture"
"Books, brochures etc.","962165","0.002281799172062129","4901","Agriculture"
"Newspapers, journals and periodicals","48780","0.00011568303109465701","4902","Agriculture"
"Children's books","117893","0.00027958629735224267","4903","Agriculture"
"Maps","5330","0.000012640232794885646","4905","Agriculture"
"Architectural, engineering, etc. drawings","3555","0.00000843077440634493","4906","Agriculture"
"Unused stamps","2228026","0.005283821259485532","4907","Agriculture"
"Calendars","17696","0.00004196652148936142","4910","Agriculture"
"Other printed matter","945093","0.002241312482704852","4911","Agriculture"
"Woven silk fabrics","57950","0.00013742992316390678","5007","Textiles"
"Wool","1034378","0.0024530541684630817","5101","Textiles"
"Wool, combed","128974","0.00030586517532600025","5105","Textiles"
"Yarn of carded wool, not for retail sale","27161","0.00006441301368515741","5106","Textiles"
"Yarn of combed wool, not for retail sale","24974","0.00005922648664530472","5107","Textiles"
"Woven fabrics of carded wool","2371071","0.00562305617508486","5111","Textiles"
"Woven fabrics of combed wool","2246328","0.005327224925641629","5112","Textiles"
"Woven fabrics of coarse animal hair","1437","0.0000034078826503284565","5113","Textiles"
"Raw cotton","99855","0.00023680871402125822","5201","Textiles"
"Cotton waste","96264","0.0002282925646842161","5202","Textiles"
"Cotton, carded or combed","116406","0.0002760598384092793","5203","Textiles"
"Cotton sewing thread","1000590","0.0023729250529520877","5204","Textiles"
"Cotton yarn of > 85%","830226","0.001968902422582876","5205","Textiles"
"Cotton yarn of < 85%","2125472","0.00504061179718784","5206","Textiles"
"Cotton yarn for retail sale","58727","0.0001392725987514539","5207","Textiles"
"Woven fabrics of cotton of > 85% weighing < 200 g/m2","3518498","0.008344208969669711","5208","Textiles"
"Woven fabrics of cotton of < 85% weighing > 200 g/m2","19207626","0.0455513816279734","5209","Textiles"
"Woven fabrics of cotton of < 85% weighing < 200 g/m2","491714","0.001166112463134034","5210","Textiles"
"Woven fabrics of cotton of < 85% weighing > 200 g/m2","2552349","0.006052961638610428","5211","Textiles"
"Other woven cotton fabrics","1213691","0.0028782995836880965","5212","Textiles"
"Vegetable textile fibers","16152","0.00003830488557279418","5305","Textiles"
"Woven fabrics of flax","1030272","0.0024433166833118997","5309","Textiles"
"Woven fabrics of vegetable textile fibers","604345","0.0014332197914493745","5311","Textiles"
"Synthetic sowing thread","173294","0.00041097120111761973","5401","Textiles"
"Synthetic filament yarn","7625740","0.01808463955596084","5402","Textiles"
"Artificial filament yarn","55476","0.0001315627682043295","5403","Textiles"
"Synthetic monofilament >67 dtex, thickness < 1mm","20240","0.000047999683258627674","5404","Textiles"
"Woven fabrics of synthetic filament yarn","7688823","0.018234242521326646","5407","Textiles"
"Woven fabrics of artificial filament yarn","459784","0.0010903896426573548","5408","Textiles"
"Synthetic staple fibers","1205552","0.0028589977347729797","5503","Textiles"
"Artificial staple fibers, not processed for spinning","947","0.0000022458349825059487","5504","Textiles"
"Waste of man-made fibers","3148186","0.007466004488105039","5505","Textiles"
"Synthetic staple fibers, processed","341476","0.0008098191620762422","5506","Textiles"
"Synthetic staple fibers sewing thread","2145780","0.005088772744204451","5508","Textiles"
"Yarn of synthetic staple fibers, not for retail sale","4842204","0.011483411970042486","5509","Textiles"
"Yarn of artificial staple fibers, not for retail sale","172939","0.0004101293094399116","5510","Textiles"
"Woven fabrics of > 85% synthetic staple fibers","7220414","0.017123398468189763","5512","Textiles"
"Woven fabrics of < 85% synthetic staple fibers weighing < 170 g/m2","166942","0.00039590726890127573","5513","Textiles"
"Woven fabrics of < 85% synthetic staple fibers weighing > 170 g/m2","367700","0.0008720100560374207","5514","Textiles"
"Other woven fabrics of synthetic staple fibers","5375606","0.012748388602923835","5515","Textiles"
"Woven fabrics of artificial staple fibers","5268780","0.012495047982183415","5516","Textiles"
"Wadding of textile materials","96354","0.000228506002010959","5601","Textiles"
"Felt","127821","0.00030313080601783834","5602","Textiles"
"Nonwoven textiles","5516891","0.013083449633022416","5603","Textiles"
"Rubber textiles","83743","0.00019859868948257197","5604","Textiles"
"Metallised yarn","16651","0.000039488276973290974","5605","Textiles"
"Gimp yarn","16469","0.000039056659268099754","5606","Textiles"
"Twine and ropes of baste fibers","1600952","0.003796699056930162","5607","Textiles"
"Nets","7134197","0.016918932623747617","5608","Textiles"
"Articles of yarn, rope etc not elsewhere clasified","141843","0.0003363843415243836","5609","Textiles"
"Carpets, knotted","5275964","0.012512085023909204","5701","Textiles"
"Woven carpets and rugs","9855196","0.02337185209741573","5702","Textiles"
"Carpets, tufted","858627","0.0020362561283253804","5703","Textiles"
"Carpets of felt","22509","0.00005338067541840169","5704","Textiles"
"Other carpets","1004832","0.0023829850656192373","5705","Textiles"
"Woven pile fabrics","848672","0.0020126475884617617","5801","Textiles"
"Terry cloth","9875","0.000023418817795402582","5802","Textiles"
"Lace and net fabrics","4730213","0.011217822418272873","5804","Textiles"
"Hand-woven tapestries","431418","0.0010231189403196953","5805","Textiles"
"Narrow woven fabrics","3009502","0.007137111796749332","5806","Textiles"
"Labels and badges of textiles","194472","0.0004611953756260791","5807","Textiles"
"Braids in piece","508113","0.0012050031155924448","5808","Textiles"
"Woven fabric incorporating metal threads","216374","0.0005131365348518925","5809","Textiles"
"Embroidery in the piece","1275011","0.003023721548975599","5810","Textiles"
"Quilted textile products","831583","0.001972120583164989","5811","Textiles"
"Stiffened textiles","10509","0.000024922365186013746","5901","Textiles"
"Textile fabrics impregnated with plastics","5093837","0.012080166134934693","5903","Textiles"
"Rubberized textile fabrics","68920","0.00016344556176801477","5906","Textiles"
"Textile hosepiping and similar tubing","18996","0.00004504950509787012","5909","Textiles"
"Transmission belts or belting, of textile material","6376","0.000015120848836808794","5910","Textiles"
"Textile articles for technical use","4556830","0.010806640151354364","5911","Textiles"
"Pile fabrics, knit","451392","0.0010704877977015049","6001","Textiles"
"Other knitted fabrics","9116198","0.021619299235322877","6002","Textiles"
"Men's overcoats, knit","3811620","0.009039355370664545","6101","Textiles"
"Women's overcoats, knit","25637770","0.06080063436055072","6102","Textiles"
"Men's suits, knit","19394400","0.045994320997585394","6103","Textiles"
"Women's suits, knit","226989856","0.5383123118044222","6104","Textiles"
"Men's shirts, knit","43436192","0.10301005227079729","6105","Textiles"
"Women's shirts, knit","28020456","0.0664512358084147","6106","Textiles"
"Men's undergarments, knit","14880489","0.035289464364303025","6107","Textiles"
"Women's undergarments, knit","53493068","0.12686019370218538","6108","Textiles"
"T-shirts, knit","236555504","0.5609974933342406","6109","Textiles"
"Sweaters, pullovers, sweatshirts etc., knit","181173936","0.4296586730592332","6110","Textiles"
"Babies' garments, knit","62996256","0.14939724972724422","6111","Textiles"
"Activewear, knit","14344691","0.03401880555547861","6112","Textiles"
"Garments knit with impregnated fibers","4779346","0.011334342597993532","6113","Textiles"
"Other garments, knit","84950840","0.20146311326849592","6114","Textiles"
"Socks, stockings, etc., knit","8337923","0.019773599952313568","6115","Textiles"
"Gloves, knit","1837049","0.004356609196174838","6116","Textiles"
"Other clothing accesories, knit","1784512","0.0042320163424515896","6117","Textiles"
"Men's overcoats, not knit","81847024","0.19410233338247515","6201","Textiles"
"Womens overcoats, not knit","318075808","0.754325001790122","6202","Textiles"
"Men's suits and pants","292735872","0.694230688460384","6203","Textiles"
"Women's suits and pants","1025944832","2.433054692530928","6204","Textiles"
"Men's shirts","68555672","0.16258154849715264","6205","Textiles"
"Women's shirts","322667072","0.7652133030626882","6206","Textiles"
"Men's undergarments","3576440","0.008481619920626796","6207","Textiles"
"Women's undergarments","7401788","0.01755353159819719","6208","Textiles"
"Babies' garments","32834480","0.07786781817992812","6209","Textiles"
"Garments made of textile felts and nonwoven fabric","103662944","0.24583935166288823","6210","Textiles"
"Activewear","209464032","0.49674936709856965","6211","Textiles"
"Brassieres","116225368","0.2756314649514546","6212","Textiles"
"Handkerchiefs","594988","0.00141102942404567","6213","Textiles"
"Shawls, scarves, etc.","1594044","0.0037803165563397175","6214","Textiles"
"Ties, bow ties and cravats","81229","0.00019263667348888672","6215","Textiles"
"Gloves","441489","0.0010470025771822267","6216","Textiles"
"Other clothing accesories","2036663","0.0048299989577354945","6217","Textiles"
"Blankets","1136895","0.0026961758843042243","6301","Textiles"
"House linen","9702450","0.02300961100951937","6302","Textiles"
"Curtains","414624","0.0009832915351494682","6303","Textiles"
"Other furnishing articles","91536696","0.21708164103464872","6304","Textiles"
"Bags for packing goods","10555203","0.025031936794986","6305","Textiles"
"Tents, tarpaulins, etc.","596142","0.0014137661648796847","6306","Textiles"
"Other made up articles","91123712","0.21610223880189772","6307","Textiles"
"Needlecraft sets of woven fabric and yarn","8364","0.000019835442231974397","6308","Textiles"
"Used clothes and textiles","9401381","0.022295618092573136","6309","Textiles"
"Used or new rags textile scraps","953594","0.002261472823978646","6310","Textiles"
"Waterproof footwear","4535756","0.010756662615534585","6401","Textiles"
"Other footwear of rubber or plastics","79145312","0.18769515352792804","6402","Textiles"
"Leather footwear","164639312","0.39044638477857596","6403","Textiles"
"Textile footwear","18040826","0.04278428526304421","6404","Textiles"
"Other footwear","9416945","0.022332528520944545","6405","Textiles"
"Parts of footwear","55800564","0.13233248012118487","6406","Textiles"
"Hats","55355","0.0001312758135761529","6504","Textiles"
"Hats, knit","4845535","0.011491311522657827","6505","Textiles"
"Other headgear","1167943","0.002769807018978823","6506","Textiles"
"Headbands","6173060","0.014639571380262062","6507","Textiles"
"Umbrellas","252507","0.0005988268784874653","6601","Textiles"
"Walking sticks","2639","0.000006258456725272649","6602","Textiles"
"Parts of umbrellas or walking sticks","16234","0.000038499350692715493","6603","Textiles"
"Artificial flowers","9142","0.000021680489345374218","6702","Textiles"
"Wigs","251167","0.0005956490338448487","6704","Textiles"
"Flagstones, of natural stone","1960953","0.004650450735427653","6801","Stone"
"Worked building stone","11275083","0.026739150825826948","6802","Stone"
"Worked slate","18909","0.0000448431823486853","6803","Stone"
"Grindstones","3097052","0.00734473888515313","6804","Stone"
"Natural or artificial abrasive powder","2950538","0.006997277146370788","6805","Stone"
"Mineral wools and insulating materials","127549","0.0003024857509859042","6806","Stone"
"Asphalt","882455","0.0020927648463434922","6807","Stone"
"Panels of vegetable fibers","10816","0.000025650423622792335","6808","Stone"
"Plaster articles","1071847","0.0025419128706378603","6809","Stone"
"Articles of cement, of concrete or of artificial stone","8185926","0.01941313513728088","6810","Stone"
"Asbestos-cement or cellulose fiber-cement","67163","0.00015927879084482263","6811","Stone"
"Asbestos fibres","23158","0.000054919795696803335","6812","Stone"
"Friction material and articles thereof","3880607","0.00920295982466469","6813","Stone"
"Mica articles","38290","0.00009080572489984453","6814","Stone"
"Articles of stone or of other mineral substances","1648923","0.0039104635236099855","6815","Stone"
"Bricks, blocks, and other ceramic goods","715998","0.0016980077674807754","6901","Stone"
"Bricks, tiles and similar refractory ceramic constructional goods","336097","0.0007970627245145743","6902","Stone"
"Other refractory ceramic goods","182611","0.00043306670748721624","6903","Stone"
"Ceramic building bricks","13166","0.00003122350937663498","6904","Stone"
"Architectural ceramic ornaments","209056","0.0004957817086618412","6905","Stone"
"Unglazed ceramic flags and pavers","12987556","0.030800324817375952","6907","Stone"
"Ceramic wares for technical ware","42082","0.00009979855093327912","6909","Stone"
"Ceramic sinks, washbasins, and similar sanitary fixtures","42798568","0.10149791047049594","6910","Stone"
"Porcelain or china household articles","586500","0.001390899912607961","6911","Stone"
"Ceramic household articles","1055656","0.002503515495556811","6912","Stone"
"Ornamental ceramic articles","1670566","0.00396179045763995","6913","Stone"
"Other ceramic articles","982901","0.002330975132143695","6914","Stone"
"Cullet and other scraps of glass","378787","0.0008983031631662943","7001","Stone"
"Glass balls","5184","0.000012293990020391592","7002","Stone"
"Glass, cast or rolled","17351","0.00004114834507018027","7003","Stone"
"Float glass","39448","0.00009355195183726997","7005","Stone"
"Worked glass","14078","0.00003338634095429646","7006","Stone"
"Safety glass","68786176","0.1631281946923032","7007","Stone"
"Multiple-walled insulating glass","37315","0.00008849348719346302","7008","Stone"
"Glass mirrors","1339049","0.0031755893215307373","7009","Stone"
"Glass containers for conveyance","7855441","0.018629381415851652","7010","Stone"
"Glass envelopes","31736","0.00007526274446125532","7011","Stone"
"Glassware for interior decorative use","1504293","0.0035674697395341303","7013","Stone"
"Signaling glassware","56526","0.00013405287034966342","7014","Stone"
"Glass paving blocks or other molded products","43081","0.00010216770526012543","7016","Stone"
"Laboratory, hygienic or pharmaceutical glassware","30563","0.0000724809446360394","7017","Stone"
"Glass beads","46905","0.00011123642012084639","7018","Stone"
"Glass fibers","21629164","0.05129412159826642","7019","Stone"
"Other articles of glass","172288","0.0004085854461098046","7020","Stone"
"Pearls","818","0.0000019399081475077783","7101","Stone"
"Precious stones","701268","0.001663075191670519","7103","Stone"
"Synthetic precious stones","88429","0.00020971165962831948","7104","Stone"
"Silver","107007960","0.25377214358458","7106","Stone"
"Gold","55577496","0.131803468592275","7108","Stone"
"Scrap of precious metal","5201106","0.012334557341627861","7112","Stone"
"Jewelry of precious metal","4818552","0.01142732064057445","7113","Stone"
"Goldsmith and silversmith wares","13380","0.00003173101590911256","7114","Stone"
"Other articles of precious metals","151923","0.00036028932211958954","7115","Stone"
"Articles of precious stones","928387","0.0022016937718096624","7116","Stone"
"Imitation jewelry","1098144","0.0026042768859862856","7117","Stone"
"Ferroalloys","135411","0.0003211306872398237","7202","Metals"
"Ferrous waste and scrap","7880226","0.018688159684110795","7204","Metals"
"Powders of iron or steel","28621","0.00006787544143009794","7205","Metals"
"Flat-rolled iron, width > 600mm, hot-rolled, not clad","8306945","0.01970013482444866","7208","Metals"
"Flat-rolled iron, width > 600mm, cold-rolled, not clad","2956906","0.007012379023000777","7209","Metals"
"Flat rolled iron, width > 600mm, clad","34227380","0.08117111654015255","7210","Metals"
"Flat-rolled iron, width < 600mm, not clad","312983","0.0007422472759552897","7211","Metals"
"Flat-rolled iron, width < 600mm, clad","12788874","0.030329145317910013","7212","Metals"
"Hot rolled bars of iron","7835","0.00001858090505589663","7213","Metals"
"Other bars of iron, not further worked than forged","353012","0.0008371770843129779","7214","Metals"
"Other bars and rods of iron or nonalloy steel","94425","0.00022393132864110266","7215","Metals"
"Angles of iron or nonalloy steel","542240","0.0012859361783675032","7216","Metals"
"Wire of iron or nonalloy steel","161064","0.000381967439939111","7217","Metals"
"Flat-rolled products of stainless steel of a width > 600 mm","94640","0.00022444120669943293","7219","Metals"
"Flat-rolled products of stainless steel of a width < 600 mm","94239","0.00022349022483250062","7220","Metals"
"Other bars and rods of stainless steel","376339","0.0008924976678788873","7222","Metals"
"Wire of stainless steel","4461","0.00001057937682889022","7223","Metals"
"Flat-rolled products of other alloy steel, width > 600 mm","2679801","0.006355217351588621","7225","Metals"
"Flat-rolled products of other alloy steel, width < 600 mm","610460","0.0014477216720386289","7226","Metals"
"Other bars and rods of other alloy steel","30468","0.00007225564968003299","7228","Metals"
"Wire of other alloy steel","7184","0.000017037041725789585","7229","Metals"
"Sheet piling of iron or steel","2726","0.0000064647794744574615","7301","Metals"
"Railway construction material of iron or steel","289316","0.0006861203735994626","7302","Metals"
"Tubes of cast iron","2786","0.000006607071025619401","7303","Metals"
"Tubes, seamless, of iron or steel","1248302","0.0029603804649758615","7304","Metals"
"Other tubes and pipes, diameter > 406.4 mm, of iron or steel","565641","0.0013414322548465126","7305","Metals"
"Other tubes, pipes and hollow profiles of iron or steel","1843274","0.004371371944607888","7306","Metals"
"Tube or pipe fittings of iron or steel","1499468","0.0035560271272948576","7307","Metals"
"Structures and their parts, of iron or steel","48874044","0.11590605887194821","7308","Metals"
"Tanks etc. > 300 liters, iron or steel","1110461","0.002633486969913979","7309","Metals"
"Tanks etc. < 300 liters, iron or steel","1991235","0.0047222652812990845","7310","Metals"
"Containers for compressed or liquified gas","3034383","0.0071961177314903355","7311","Metals"
"Wire of iron or steel, not insulated","645599","0.001531054718976619","7312","Metals"
"Barbed wire of iron or steel","7455","0.00001767972523187101","7313","Metals"
"Cloth of iron or steel wire","579788","0.0013749822310846452","7314","Metals"
"Chain of iron or steel","99671","0.0002363723532643616","7315","Metals"
"Nails and similar articles of iron or steel","648967","0.001539042018048509","7317","Metals"
"Screws and similar articles of iron or steel","11195667","0.026550813728709002","7318","Metals"
"Springs of iron or steel","385763","0.0009148469275147226","7320","Metals"
"Stoves and similar non-electric appliances of iron or steel","1009820","0.0023948142365724998","7321","Metals"
"Radiators for central heating of iron or steel","64089","0.0001519887203736259","7322","Metals"
"Household articles of iron or steel","1274106","0.0030215753180789064","7323","Metals"
"Sanitary ware and parts of iron or steel","422723","0.0010024985230304773","7324","Metals"
"Other cast articles of iron or steel","7264936","0.01722898354220363","7325","Metals"
"Other articles of iron or steel","38564676","0.09145712613496049","7326","Metals"
"Copper mattes","1537475","0.0036461617103783883","7401","Metals"
"Unrefined copper","2001712","0.0047471117576578115","7402","Metals"
"Refined copper and copper alloys","17902952","0.042457313507629185","7403","Metals"
"Copper waste and scrap","74931432","0.1777018281677568","7404","Metals"
"Copper powders and flakes","87600","0.000207745664696432","7406","Metals"
"Copper bars, rods and profiles","239790","0.0005686681842186922","7407","Metals"
"Copper wire","4467807","0.010595519805369541","7408","Metals"
"Copper plates, sheets and strip > 0.15 mm","100787","0.00023901897611597363","7409","Metals"
"Copper foil < 0.15 mm thick","14092","0.00003341954231623425","7410","Metals"
"Copper tubes and pipes","300683","0.0007130775079670921","7411","Metals"
"Copper tube or pipe fittings","84524","0.00020045085117352987","7412","Metals"
"Copper wire, uninsulated","1384734","0.003283932480111291","7413","Metals"
"Screws and similar articles of copper","170040","0.0004032542559929372","7415","Metals"
"Household articles of copper","160082","0.0003796386015517606","7418","Metals"
"Other articles of copper","3818911","0.009056646165656573","7419","Metals"
"Nickel mattes","1063626","0.002522416556602822","7501","Metals"
"Nickel unwrought","652528","0.0015474870216099703","7502","Metals"
"Nickel waste and scrap","167332","0.0003968321639838283","7503","Metals"
"Nickel powders","1248311","0.0029604018087085356","7504","Metals"
"Nickel bars, wire etc.","1249","0.0000029620357900210456","7505","Metals"
"Other articles of nickel","950558","0.002254272871489852","7508","Metals"
"Unwrought aluminum","7205752","0.017088627156137494","7601","Metals"
"Waste or scrap, aluminium","29672920","0.07037009690506907","7602","Metals"
"Aluminum bars","24980938","0.05924294029167074","7604","Metals"
"Aluminum wire","21380","0.00005070322273070452","7605","Metals"
"Aluminum plates > 0.2 mm","1556216","0.0036906064763838203","7606","Metals"
"Aluminum foil < 0.2 mm","149432","0.0003543818512205163","7607","Metals"
"Aluminum tubes and pipes","261103","0.0006192125147172658","7608","Metals"
"Aluminum tube or pipe fittings","27305","0.00006475451340794608","7609","Metals"
"Aluminum structures (bridges, towers etc)","1321573","0.00313414453572897","7610","Metals"
"Aluminum containers, >300 liters","221998","0.0005264739962474716","7611","Metals"
"Aluminum containers, <300 liters","31380908","0.07442063460316874","7612","Metals"
"Aluminum containers for compressed or liquefied gas","29726","0.00007049597749733035","7613","Metals"
"Aluminum wire, not insulated","9252149","0.02194171054652316","7614","Metals"
"Household articles of aluminum","1428509","0.0033877460243131896","7615","Metals"
"Other articles of aluminum","7792324","0.01847969781860685","7616","Metals"
"Lead foil <2mm","5494","0.00001302916303472828","7804","Metals"
"Unwrought zinc","205154","0.0004865280147846097","7901","Metals"
"Zinc waste and scrap","1566022","0.003713861658895386","7902","Metals"
"Zinc powders","266099","0.0006310606578773501","7903","Metals"
"Zinc plates and foil","48934","0.00011604824607597265","7905","Metals"
"Other articles of zinc","671651","0.001592837710491133","7907","Metals"
"Unwrought tin","5256","0.00001246473988178592","8001","Metals"
"Tin waste and scrap","131710","0.0003123536700589847","8002","Metals"
"Tin bars and wire","49093","0.00011642531868655178","8003","Metals"
"Tungsten (wolfram)","105691","0.0002506489388976095","8101","Metals"
"Tantalum","116877","0.0002771768270859005","8103","Metals"
"Cobalt","41706512","0.0989080714339009","8105","Metals"
"Titanium","15552904","0.03688411392054562","8108","Metals"
"Manganese","4457","0.000010569890725479423","8111","Metals"
"Other metals","17504","0.00004151118852564321","8112","Metals"
"Handtools for gardening","31572","0.00007487381422141269","8201","Metals"
"Handsaws","317938","0.0007539981865554132","8202","Metals"
"Pliers, pincers and other metal handtools","263430","0.0006247310553764964","8203","Metals"
"Wrenches","67696","0.00016054281412431121","8204","Metals"
"Hand tools n.e.c.","1529893","0.003628180801363224","8205","Metals"
"Retail tool sets","82355","0.00019530701159902578","8206","Metals"
"Interchangeable tools for hand tools","7116545","0.016877070449395775","8207","Metals"
"Knives and blades for machines","171645","0.0004070605549865191","8208","Metals"
"Articles for utensils, of cermet","3346","0.00000793512550313084","8209","Metals"
"Hand-operated appliances, food preparation, <10kg","16220","0.000038466149330777704","8210","Metals"
"Knife sets","22198","0.000052643130878212304","8211","Metals"
"Razors","355915","0.0008440616238633631","8212","Metals"
"Other cutlery","8637","0.000020482868789761224","8214","Metals"
"Cutlery","22277","0.00005283048142057552","8215","Metals"
"Padlocks and locks","6575326","0.015593555598923876","8301","Metals"
"Base metal mountings, fittings and similar articles","27853430","0.06605512933134178","8302","Metals"
"Safes","117948","0.0002797167312741411","8303","Metals"
"Paper trays and similar office equipment, of base metal","7339","0.00001740462823295793","8304","Metals"
"Ornaments, statuettes, etc. of metal","445252","0.0010559266289659332","8306","Metals"
"Flexible tubing of base metal","556541","0.0013198513695869517","8307","Metals"
"Clasps, buckles etc. of metal","1175165","0.0027869341786870153","8308","Metals"
"Stoppers, caps and lids of metal","1641224","0.003892205146070056","8309","Metals"
"Sign plates and similar plates of base metal","252559","0.0005989501978318056","8310","Metals"
"Wire etc. used for welding","413450","0.0009805073637983999","8311","Metals"
"Steam boilers","2192453","0.005199458970327471","8402","Machinery"
"Central heating boilers","26078","0.00006184465118668441","8403","Machinery"
"Auxiliary parts for use with boilers","357246","0.0008472181247733054","8404","Machinery"
"Water gas generators","108450","0.00025719197872520606","8405","Machinery"
"Steam turbines","27094","0.00006425412145302658","8406","Machinery"
"Spark-ignition reciprocating internal combustion piston engines","20526418","0.04867893095030601","8407","Machinery"
"Compression-ignition internal combustion piston engines","3849395","0.00912893975975025","8408","Machinery"
"Parts suitable for use with spark-ignition engines","40243760","0.09543911724981373","8409","Machinery"
"Hydraulic turbines, water wheels and regulators","19086","0.00004526294242461303","8410","Machinery"
"Gas turbines","80366264","0.19059067276083258","8411","Machinery"
"Other engines and motors","73685552","0.17474719153839618","8412","Machinery"
"Pumps for liquids","8377686","0.019867898934794438","8413","Machinery"
"Pumps, compressors, fans, etc.","12675136","0.030059412710475734","8414","Machinery"
"Air conditioners","41644504","0.09876101785882674","8415","Machinery"
"Furnace burners","114345","0.00027117212362686664","8416","Machinery"
"Industrial furnaces","108510","0.000257334270276368","8417","Machinery"
"Refrigerators, freezers","3559315","0.008441007540399326","8418","Machinery"
"Equipment for temperature change of materials","2320670","0.005503528900582978","8419","Machinery"
"Calendering or other rolling machines, other than for metals or glass","190485","0.0004517401020513681","8420","Machinery"
"Centrifuges","51706016","0.12262215368406791","8421","Machinery"
"Dish washing machines","1133964","0.0026892249420299636","8422","Machinery"
"Weighing machinery","555871","0.0013182624472656433","8423","Machinery"
"Sprays and powder dispersers","2798224","0.006636060557642795","8424","Machinery"
"Pulleys and winches","2281006","0.005409464699161525","8425","Machinery"
"Ships' derricks; cranes","7373472","0.017486379472152168","8426","Machinery"
"Fork-lift trucks","2031192","0.004817024339795378","8427","Machinery"
"Other lifting machinery","18363896","0.043550454120275674","8428","Machinery"
"Self-propelled bulldozers, excavators and road rollers","10332331","0.024503390085143264","8429","Machinery"
"Other moving, excavating or boring machinery","3574218","0.008476350390182099","8430","Machinery"
"Parts for use with hoists and excavation machinery","4368000","0.010358824924589213","8431","Machinery"
"Machinery for soil preparation or cultivation","848723","0.0020127685362802497","8432","Machinery"
"Harvesting or agricultural machinery","1535333","0.0036410819020019068","8433","Machinery"
"Dairy machinery","12527","0.000029708104356760315","8434","Machinery"
"Machines for wine and juice production","269633","0.0006394416302407883","8435","Machinery"
"Other agricultural machinery","115868","0.00027478395750052723","8436","Machinery"
"Machinery for processing grain","252713","0.0005993154128131213","8437","Machinery"
"Machinery for the industrial preparation of food or drink","1867187","0.00442808224232348","8438","Machinery"
"Machinery for making paper","53557","0.0001270118100930001","8439","Machinery"
"Bookbinding machinery","23115","0.000054817820085137284","8440","Machinery"
"Other machinery for making paper","737834","0.0017497924060003106","8441","Machinery"
"Machinery for making printing components","212675","0.0005043642607227589","8442","Machinery"
"Printers and copiers","25111678","0.05955299358165261","8443","Machinery"
"Machines to extrude, cut manmade textile fibres","22286","0.00005285182515324981","8444","Machinery"
"Machines for preparing textile fibers","379770","0.0009006343730794975","8445","Machinery"
"Looms","654100","0.001551215060250413","8446","Machinery"
"Knitting machines","144291","0.00034218983681179077","8447","Machinery"
"Auxiliary machinery for use with knitting and textile machines","716330","0.0016987951140638715","8448","Machinery"
"Household- or laundry-type washing machines","118290","0.0002805277931157642","8450","Machinery"
"Machinery for processing fabrics","298446","0.0007077724046346044","8451","Machinery"
"Sewing machines","362657","0.0008600504511622596","8452","Machinery"
"Machinery for preparing leather","138909","0.0003294262846725648","8453","Machinery"
"Machines used in metallurgy","58135","0.0001378686554466561","8454","Machinery"
"Metal-rolling mills","139977","0.0003319590742832473","8455","Machinery"
"Machines for working materials by laser and similar means","70644","0.00016753407233806783","8456","Machinery"
"Machining centers for working metal","479410","0.0011369332090424254","8457","Machinery"
"Lathes for removing metal","107599","0.0002551738102245592","8458","Machinery"
"Machine tools for drilling by removing metal","62266","0.00014766542874415566","8459","Machinery"
"Machines with grinding stones for finishing metal","82865","0.00019651648978390225","8460","Machinery"
"Other machine tools for planing and cutting metals","312967","0.0007422093315416465","8461","Machinery"
"Machine tools for molding and forging metals","655321","0.0015541106933165585","8462","Machinery"
"Other machine tools for working metal, without removal","546920","0.0012970349193581346","8463","Machinery"
"Machine tools for working stone","53203","0.00012617228994114466","8464","Machinery"
"Machine tools for working wood","537599","0.0012749299268851274","8465","Machinery"
"Parts and accessories for metal working machines","676198","0.0016036210385433555","8466","Machinery"
"Tools for hand working, pneumatic, hydraulic motors","549192","0.0013024230260954668","8467","Machinery"
"Machinery for soldering","51031","0.00012102133578908244","8468","Machinery"
"Cash registers, calculators, etc.","236768","0.0005615014330918358","8470","Machinery"
"Computers","5847892","0.013868427061791633","8471","Machinery"
"Other office machines","188813","0.00044777491082565547","8472","Machinery"
"Parts and accessories for office machines","5058208","0.01199567104032888","8473","Machinery"
"Machinery for working minerals","5597098","0.013273662607089844","8474","Machinery"
"Machines for assembling electric lamps","12946","0.000030701773689041195","8475","Machinery"
"Automatic goods-vending machines","12671","0.000030049604079548973","8476","Machinery"
"Machinery for working rubber or plastics","2596559","0.006157806796558252","8477","Machinery"
"Machinery for preparing tobacco","129583","0.00030730943457029394","8478","Machinery"
"Machines n.e.c.","7062560","0.016749043626237817","8479","Machinery"
"Molding boxes for metal foundry","8450700","0.0200410535234034","8480","Machinery"
"Appliances for thermostatically controlled valves","63045452","0.14951391931309357","8481","Machinery"
"Ball or roller bearings","430081","0.0010199482102546367","8482","Machinery"
"Transmission shafts","2104126","0.004989989206336126","8483","Machinery"
"Gaskets and similar joints of metal sheeting","791850","0.0018778927464596998","8484","Machinery"
"Machinery parts, not containing electrical features, n.e.c.","9678062","0.022951774237023746","8485","Machinery"
"Electric motors and generators","38298604","0.09082612950828116","8501","Electronics"
"Electric generating sets and rotary converters","7910890","0.018760880152857956","8502","Electronics"
"Parts for use with electric generators","6862919","0.016275589833479136","8503","Electronics"
"Electrical transformers","77762232","0.1844151435515771","8504","Electronics"
"Electromagnets","869134","0.002061173750459689","8505","Electronics"
"Primary cells and primary batteries","738001","0.0017501884508177115","8506","Electronics"
"Batteries","17197620","0.0407846004348933","8507","Electronics"
"Vacuum cleaners","121709","0.00028863604000614205","8508","Electronics"
"Electromechanical domestic appliances","2860427","0.00678357658025823","8509","Electronics"
"Electric shavers and hair clippers","4175","0.000009901120435018306","8510","Electronics"
"Electrical ignition equipment","1793270","0.004252786165869528","8511","Electronics"
"Electrical lighting equipment used for motor vehicles","170508688","0.404365761701787","8512","Electronics"
"Portable electric lamps","71319","0.00016913485228863966","8513","Electronics"
"Industrial electric furnaces","1294919","0.0030709338856511306","8514","Electronics"
"Electric soldering machines","1125894","0.002670086728398683","8515","Electronics"
"Electric heaters","2132782","0.005057947651171069","8516","Electronics"
"Telephones","3955126","0.009379683559681967","8517","Electronics"
"Microphones","19593386","0.04646622144091056","8518","Electronics"
"Sound reproducing apparatus","7474","0.000017724784223072293","8519","Electronics"
"Video recording apparatus","11635833","0.02759467877718811","8521","Electronics"
"Parts and accessories for video or sound equipment","14228","0.00003374206983220131","8522","Electronics"
"Sound storage media","3698298","0.00877060931798499","8523","Electronics"
"Tapes, cassettes, records and compact disks","227181","0.0005387656147420105","8524","Electronics"
"Transmission apparatus for radio, telephone and TV","111212760","0.26374393549000874","8525","Electronics"
"Radar","15255122","0.036177916209077204","8526","Electronics"
"Reception apparatus for radio broadcasting","530973","0.0012592161965851436","8527","Electronics"
"Monitors and projectors","2325725","0.005515516963768371","8528","Electronics"
"Parts of radios, telephones, and T.V.s","2034994","0.00482604088108734","8529","Electronics"
"Electric signal and traffic controls","103320","0.0002450260511008602","8530","Electronics"
"Electric sound or visual signaling apparatus","1640175","0.003889717415450575","8531","Electronics"
"Electrical capacitors","7548775","0.017902115068707862","8532","Electronics"
"Electrical resistors","239418","0.0005677859766014881","8533","Electronics"
"Electronic printed circuits","16164639","0.03833485928804644","8534","Electronics"
"Electrical apparatus for > 1k volts","7622490","0.018076932096939564","8535","Electronics"
"Electrical apparatus for < 1k volts","272622816","0.6465320561796013","8536","Electronics"
"Electrical boards","258087760","0.6120617951051738","8537","Electronics"
"Parts for electrical apparatus","83447352","0.19789755260727324","8538","Electronics"
"Electrical filament","25134528","0.05960718294738678","8539","Electronics"
"Thermionic, cold cathode or photocathode tubes","7631","0.000018097113781946033","8540","Electronics"
"Semiconductor devices","144981200","0.34382666395532363","8541","Electronics"
"Electronic integrated circuits","342840288","0.8130546063387691","8542","Electronics"
"Electrical machines with individual functions n.e.c.","34710584","0.08231704731828011","8543","Electronics"
"Insulated electrical wire","2953549056","7.004417943518713","8544","Electronics"
"Carbon articles for eletrical purposes","206753","0.0004903200846230754","8545","Electronics"
"Electrical insulators of any material","2602560","0.006172038323200298","8546","Electronics"
"Insulating fittings for electrical machines","30543580","0.07243488960397998","8547","Electronics"
"Waste and scrap of batteries","1323440","0.0031385721744959585","8548","Electronics"
"Parts of railway locomotives","882583","0.0020930684016526374","8607","Vehicles"
"Railway track fixtures","136040","0.00032262237700117133","8608","Vehicles"
"Containers for multimodal transportation","1101774","0.002612885524831583","8609","Vehicles"
"Tractors","772335","0.0018316124194442788","8701","Vehicles"
"Buses","3921001","0.009298755239958614","8702","Vehicles"
"Cars","2876134400","6.820827085436913","8703","Vehicles"
"Motor vehicles for transporting goods","170047824","0.4032728108112087","8704","Vehicles"
"Special purpose motor vehicles","3339215","0.007919034700220276","8705","Vehicles"
"Vehicle chassis fitted with engines","8856311","0.021002970496042495","8706","Vehicles"
"Vehicle Bodies","1169211","0.0027728141137600454","8707","Vehicles"
"Parts of motor vehicles","485201824","1.150668669392708","8708","Vehicles"
"Work trucks","24688","0.000058548230251432804","8709","Vehicles"
"Motorcycles","2612890","0.006196536185258679","8711","Vehicles"
"Bicycles","146254","0.0003468451420606389","8712","Vehicles"
"Wheelchairs","4831","0.000011456841394388848","8713","Vehicles"
"Parts of motorcycles or wheelchairs","449431","0.0010658372355043621","8714","Vehicles"
"Baby carriages","28511","0.00006761457358630106","8715","Vehicles"
"Trailers and semi-trailers","4929208","0.011689744205330711","8716","Vehicles"
"Other aircraft and spacecraft","100964024","0.23943879310852184","8802","Vehicles"
"Parts of other aircraft","469187424","1.1126901057772451","8803","Vehicles"
"Aircraft launching gear","8725","0.000020691563064798734","8805","Vehicles"
"Cargo ships and similar vessels","1003638","0.002380153463751114","8901","Vehicles"
"Fishing vessels","1303691","0.003091736910431006","8902","Vehicles"
"Pleasure or sport boats","66128","0.0001568242615872792","8903","Vehicles"
"Other floating structures","176553","0.00041870000387156576","8907","Vehicles"
"Floating structures for scrapping","953269","0.0022607020780765186","8908","Vehicles"
"Optical fibers","2470872","0.005859736826710072","9001","Machinery"
"Lenses and other optical elements","42557","0.00010092502571331116","9002","Machinery"
"Frames for spectacles, goggles","5292","0.000012550114812483084","9003","Machinery"
"Glasses","391592","0.000928670551710105","9004","Machinery"
"Binoculars and telescopes","16953","0.00004020447778080607","9005","Machinery"
"Photographic cameras","38596","0.00009153141181077042","9006","Machinery"
"Cinematographic cameras and projectors","19677","0.000046664514203558136","9007","Machinery"
"Electrostatic photo-copyers","147794","0.00035049729187379533","9009","Machinery"
"Apparatus and equipment for photographic laboratories, n.e.c.","13269","0.000031467776539462977","9010","Machinery"
"Optical microscopes","82189","0.00019491333830747774","9011","Machinery"
"Microscopes, other than optical","3210","0.000007612597987163775","9012","Machinery"
"Liquid crystal devices","274548","0.0006510976798068037","9013","Machinery"
"Navigational instruments","3002324","0.00712008898417866","9014","Machinery"
"Surveying instruments","837017","0.0019850074546485554","9015","Machinery"
"Balances of a sensitivity < 50 milligram","16692","0.00003958550953325163","9016","Machinery"
"Drafting tables and machines","286505","0.0006794540144275257","9017","Machinery"
"Medical instruments","19855210","0.047087143825767626","9018","Machinery"
"Therapy applicances","135219","0.00032067535427610544","9019","Machinery"
"Other breathing appliances and gas masks","1103340","0.00261659933431691","9020","Machinery"
"Orthopedic appliances","2408998","0.005713001036100175","9021","Machinery"
"X-ray machines","932373","0.0022111466738585204","9022","Machinery"
"Instruments designed for demonstrational purposes","80372","0.00019060427583312366","9023","Machinery"
"Machines for testing the mechanical properties of materials","160572","0.00038080064921958314","9024","Machinery"
"Thermometers, hydrometers etc.","1197026","0.0028387781053528676","9025","Machinery"
"Instruments for measuring properties of liquids or gases","7509152","0.017808148099846367","9026","Machinery"
"Instruments for physical or chemical analysis","4965594","0.011776034545007016","9027","Machinery"
"Gas, liquid or electricity meters","81644","0.00019362085671775677","9028","Machinery"
"Meters","469979","0.0011145673487256212","9029","Machinery"
"Instruments for measuring electricity","22649592","0.05371409298108435","9030","Machinery"
"Measuring instruments","8402204","0.01992604400565091","9031","Machinery"
"Automatic regulating instruments","13815817","0.03276456719165828","9032","Machinery"
"Other parts for machines and appliances","328216","0.0007783727292694536","9033","Machinery"
"Watches with precious metal","349783","0.0008295194273346128","9101","Machinery"
"Watches","522894","0.0012400566392211886","9102","Machinery"
"Clocks with watch movements","1029","0.000002440300102427266","9103","Machinery"
"Instrument panel clocks for vehicles","28688","0.00006803433366222878","9104","Machinery"
"Other clocks","39776","0.00009432981231695525","9105","Machinery"
"Apparatus for measuring intervals of time","8018","0.000019014894286940546","9106","Machinery"
"Time switches","1234","0.0000029264629022305604","9107","Machinery"
"Clock movements, complete","1946","0.000004614989309352245","9109","Machinery"
"Clock movements, complete, unassembled","32587","0.00007728091296190217","9110","Machinery"
"Clock cases","151450","0.00035916759039126287","9112","Machinery"
"Other clock or watch parts","3154","0.000007479792539412632","9114","Machinery"
"Musical instruments, wind","14632","0.000034700166276691705","9205","Machinery"
"Musical instruments, percussion","1621","0.000003844243407225072","9206","Machinery"
"Musical instruments, electric","914","0.0000021675746293668817","9207","Machinery"
"Other musical instruments, n.e.c.","93731","0.00022228548969932955","9208","Machinery"
"Other firearms","11773","0.000027919973863825274","9303","Machinery"
"Munitions of war","20171","0.00004783604797479144","9306","Machinery"
"Swords","1120","0.000002656108955022875","9307","Machinery"
"Seats","305015648","0.7233524947097366","9401","Textiles"
"Medical, dental or veterinary furniture","374336","0.0008877475015959312","9402","Textiles"
"Other furniture and parts","13179090","0.031254552650046806","9403","Textiles"
"Mattresses and bedding","1853388","0.004395357557082086","9404","Textiles"
"Lamps","10851593","0.02573483334246745","9405","Textiles"
"Prefabricated buildings","14511352","0.03441404642561527","9406","Textiles"
"Toys","9709005","0.02302515636148381","9503","Machinery"
"Games","56186","0.00013324655155974574","9504","Machinery"
"Christmas and other festivity articles","11112","0.000026352395275191238","9505","Machinery"
"Sports equipment","2272651","0.005389650600662225","9506","Machinery"
"Fishing and hunting equipment","37013","0.00008777728638594793","9507","Machinery"
"Fairground amusements","1139","0.000002701167946224156","9508","Machinery"
"Worked animal carving material","66622","0.00015799579535851247","9601","Machinery"
"Worked vegetable or mineral carving material","22403","0.0000531292936780156","9602","Machinery"
"Brooms and mops","3131864","0.007427296443137286","9603","Machinery"
"Hand sieves and riddles","74302","0.00017620911390724077","9604","Machinery"
"Travel sets","60318","0.000143045696383098","9605","Machinery"
"Buttons","562925","0.001334991190630582","9606","Machinery"
"Slide fasteners","467721","0.001109212443350227","9607","Machinery"
"Pens","386492","0.0009165757698613401","9608","Machinery"
"Pencils, crayons, pastels, etc.","2701","0.000006405491328139987","9609","Machinery"
"Slates and boards, with writing or drawing surfaces","104480","0.00024777702108999105","9610","Machinery"
"Typewriter ribbons and ink pads","38596","0.00009153141181077042","9612","Machinery"
"Cigarette lighters","86144","0.0002042927230549023","9613","Machinery"
"Smoking pipes","426710","0.0010119537966051884","9614","Machinery"
"Combs, hair-slides etc.","25165","0.00005967944808317022","9615","Machinery"
"Scent sprays","2983","0.000007074261618601104","9616","Machinery"
"Vacuum vessels","43207","0.00010246651751756551","9617","Machinery"
"Mannequins","73735","0.00017486445874876044","9618","Machinery"
"Paintings and drawings","7145925","0.01694674587894807","9701","Textiles"
"Original engravings","11687","0.000027716022640493162","9702","Textiles"
"Sculptures","676906","0.001605300078847066","9703","Textiles"
"Postage or revenue stamps","8690","0.00002060855965995427","9704","Textiles"
"Collectors pieces","2188901","0.005191035310498684","9705","Textiles"
"Antiques >100 years","68797","0.0001631538640881328","9706","Textiles"
"Commodities not specified according to kind","174888208","0.41475190660419925","9999","Other"
"Travel and tourism","3848055552","9.125763224189903","travel","Services"
"Transport","2384067328","5.6538773029270155","transport","Services"
"ICT","7374720000","17.489339136416337","ict","Services"
"Insurance and finance","248203280","0.5886204952446875","financial","Services"